collateral_id,loan_id,collateral_type,value_at_origination,valuation_date,current_estimated_value,collateral_status,repossession_date,liquidation_date,gross_sale_proceeds,liquidation_costs,net_recovery
COLL000001,L000001,Vehicle,522941.18,2021-01-05,522941.18,Pledged,,,,,
COLL000017,L000017,Vehicle,346125,2021-01-08,346125,Released,,,,,
COLL000020,L000020,Business Asset / Property,154157.3,2021-01-08,154157.3,Pledged,,,,,
COLL000027,L000027,Vehicle,279775.28,2021-01-09,279775.28,Released,,,,,
COLL000057,L000057,Vehicle,731818.18,2024-01-11,731818.18,Pledged,,,,,
COLL000069,L000069,Business Asset / Property,266216.22,2023-10-12,266216.22,Pledged,,,,,
COLL000087,L000087,Business Asset / Property,82666.67,2021-01-14,82666.67,Pledged,,,,,
COLL000107,L000107,Vehicle,554352.94,2021-01-15,471200,Liquidated,2021-03-28,2021-04-19,401076.73,21761.19,379315.54
COLL000114,L000114,Vehicle,245731.71,2021-07-16,245731.71,Released,,,,,
COLL000141,L000141,Vehicle,421851.85,2021-01-18,421851.85,Released,,,,,
COLL000148,L000148,Business Asset / Property,848400,2021-01-19,848400,Pledged,,,,,
COLL000151,L000151,Vehicle,404025.97,2021-01-20,404025.97,Pledged,,,,,
COLL000153,L000153,Vehicle,722816.9,2021-01-20,722816.9,Released,,,,,
COLL000184,L000184,Vehicle,179195.4,2021-01-23,179195.4,Pledged,,,,,
COLL000186,L000186,Business Asset / Property,265324.68,2021-01-23,265324.68,Pledged,,,,,
COLL000215,L000215,Business Asset / Property,389655.17,2021-06-26,331206.89,Liquidated,2022-03-13,2022-04-01,251394.35,8901.21,242493.14
COLL000217,L000217,Vehicle,636097.56,2021-01-26,636097.56,Pledged,,,,,
COLL000242,L000242,Business Asset / Property,277555.56,2021-01-28,277555.56,Pledged,,,,,
COLL000255,L000255,Business Asset / Property,65172.41,2021-01-28,65172.41,Pledged,,,,,
COLL000312,L000312,Business Asset / Property,568082.19,2021-02-02,568082.19,Pledged,,,,,
COLL000317,L000317,Business Asset / Property,1339870.13,2021-02-03,1138889.61,Liquidated,2023-06-13,2023-06-28,985285.51,62775.41,922510.1
COLL000380,L000380,Business Asset / Property,211325.3,2021-02-08,211325.3,Released,,,,,
COLL000413,L000413,Vehicle,415555.56,2021-02-11,415555.56,Pledged,,,,,
COLL000445,L000445,Business Asset / Property,99647.06,2021-02-14,99647.06,Pledged,,,,,
COLL000477,L000477,Vehicle,271529.41,2021-10-16,271529.41,Pledged,,,,,
COLL000492,L000492,Business Asset / Property,93522.73,2021-02-18,93522.73,Pledged,,,,,
COLL000497,L000497,Vehicle,340246.91,2021-02-18,340246.91,Pledged,,,,,
COLL000502,L000502,Business Asset / Property,89014.08,2021-04-18,89014.08,Pledged,,,,,
COLL000503,L000503,Business Asset / Property,125492.96,2025-11-18,125492.96,Released,,,,,
COLL000514,L000514,Vehicle,461285.71,2021-02-19,461285.71,Released,,,,,
COLL000517,L000517,Vehicle,235632.18,2021-02-20,200287.35,Liquidated,2022-01-09,2022-02-16,191433.17,11050.81,180382.36
COLL000518,L000518,Business Asset / Property,179027.78,2021-02-20,179027.78,Pledged,,,,,
COLL000542,L000542,Vehicle,434533.33,2021-02-23,434533.33,Released,,,,,
COLL000562,L000562,Business Asset / Property,298000,2021-02-25,253300,Liquidated,2021-06-09,2021-06-24,171314.83,7038.86,164275.97
COLL000577,L000577,Vehicle,202400,2021-02-26,202400,Pledged,,,,,
COLL000590,L000590,Business Asset / Property,139428.57,2021-02-28,139428.57,Pledged,,,,,
COLL000612,L000612,Vehicle,534375,2023-05-02,534375,Pledged,,,,,
COLL000616,L000616,Business Asset / Property,164189.19,2021-03-03,164189.19,Pledged,,,,,
COLL000631,L000631,Business Asset / Property,693500,2021-03-04,589475,Liquidated,2021-12-16,2022-01-06,509036.01,29683.99,479352.02
COLL000647,L000647,Vehicle,361647.06,2021-03-06,361647.06,Released,,,,,
COLL000668,L000668,Vehicle,378974.36,2021-03-07,378974.36,Pledged,,,,,
COLL000696,L000696,Business Asset / Property,723953.49,2021-03-09,723953.49,Released,,,,,
COLL000699,L000699,Vehicle,340821.92,2021-03-09,340821.92,Pledged,,,,,
COLL000710,L000710,Business Asset / Property,219743.59,2021-03-10,219743.59,Pledged,,,,,
COLL000740,L000740,Business Asset / Property,152073.17,2021-03-13,152073.17,Pledged,,,,,
COLL000742,L000742,Vehicle,258202.25,2021-03-13,258202.25,Pledged,,,,,
COLL000784,L000784,Vehicle,452535.21,2021-03-17,452535.21,Pledged,,,,,
COLL000799,L000799,Business Asset / Property,143855.42,2022-06-18,143855.42,Pledged,,,,,
COLL000809,L000809,Business Asset / Property,120277.78,2021-03-19,120277.78,Pledged,,,,,
COLL000829,L000829,Business Asset / Property,571690.14,2021-03-21,571690.14,Pledged,,,,,
COLL000831,L000831,Business Asset / Property,93139.53,2021-03-21,93139.53,Pledged,,,,,
COLL000883,L000883,Business Asset / Property,259156.63,2021-03-26,220283.14,Liquidated,2021-08-01,2021-09-03,187871.25,9809.12,178062.13
COLL000884,L000884,Vehicle,377228.92,2021-03-26,377228.92,Pledged,,,,,
COLL000907,L000907,Business Asset / Property,663194.44,2021-03-28,663194.44,Pledged,,,,,
COLL000908,L000908,Business Asset / Property,202962.96,2025-08-28,202962.96,Pledged,,,,,
COLL000920,L000920,Vehicle,832597.4,2021-03-30,832597.4,Pledged,,,,,
COLL000923,L000923,Vehicle,256075.95,2021-03-30,256075.95,Pledged,,,,,
COLL000940,L000940,Business Asset / Property,646704.55,2021-04-01,646704.55,Pledged,,,,,
COLL000943,L000943,Vehicle,236923.08,2021-04-01,236923.08,Pledged,,,,,
COLL000945,L000945,Vehicle,230588.24,2021-04-01,230588.24,Pledged,,,,,
COLL000971,L000971,Business Asset / Property,296395.35,2021-04-04,296395.35,Pledged,,,,,
COLL000984,L000984,Business Asset / Property,110985.92,2021-04-05,110985.92,Pledged,,,,,
COLL000993,L000993,Vehicle,220972.22,2021-04-06,220972.22,Pledged,,,,,
COLL000998,L000998,Business Asset / Property,233287.67,2021-04-06,233287.67,Pledged,,,,,
COLL000999,L000999,Vehicle,262207.79,2021-04-06,262207.79,Pledged,,,,,
COLL001002,L001002,Vehicle,245679.01,2021-04-06,245679.01,Pledged,,,,,
COLL001005,L001005,Business Asset / Property,112911.39,2021-04-06,112911.39,Pledged,,,,,
COLL001032,L001032,Business Asset / Property,245066.67,2021-04-09,245066.67,Pledged,,,,,
COLL001059,L001059,Vehicle,300281.69,2021-04-12,300281.69,Pledged,,,,,
COLL001060,L001060,Vehicle,321235.96,2021-04-12,321235.96,Pledged,,,,,
COLL001070,L001070,Vehicle,494428.57,2021-04-13,494428.57,Pledged,,,,,
COLL001077,L001077,Business Asset / Property,202682.93,2021-04-14,202682.93,Pledged,,,,,
COLL001112,L001112,Vehicle,431724.14,2023-09-17,431724.14,Released,,,,,
COLL001113,L001113,Business Asset / Property,58202.25,2021-04-17,58202.25,Pledged,,,,,
COLL001115,L001115,Vehicle,698082.19,2021-04-17,698082.19,Released,,,,,
COLL001118,L001118,Vehicle,474512.2,2021-04-18,474512.2,Pledged,,,,,
COLL001125,L001125,Business Asset / Property,272716.05,2021-04-19,272716.05,Pledged,,,,,
COLL001131,L001131,Business Asset / Property,384810.13,2021-04-20,384810.13,Pledged,,,,,
COLL001152,L001152,Business Asset / Property,170555.56,2021-04-23,170555.56,Pledged,,,,,
COLL001159,L001159,Business Asset / Property,183333.33,2021-05-24,183333.33,Released,,,,,
COLL001164,L001164,Vehicle,233055.56,2021-04-25,198097.23,Liquidated,2021-12-30,2022-01-24,171324.6,9454.83,161869.77
COLL001175,L001175,Vehicle,328764.04,2021-05-27,328764.04,Pledged,,,,,
COLL001191,L001191,Business Asset / Property,89111.11,2021-04-29,89111.11,Pledged,,,,,
COLL001197,L001197,Business Asset / Property,105696.2,2021-04-29,105696.2,Released,,,,,
COLL001208,L001208,Business Asset / Property,189518.07,2021-04-30,189518.07,Pledged,,,,,
COLL001267,L001267,Vehicle,492535.21,2021-05-06,492535.21,Pledged,,,,,
COLL001281,L001281,Business Asset / Property,219027.78,2021-05-07,186173.61,Liquidated,2021-07-24,2021-08-22,133945.43,8881.66,125063.77
COLL001292,L001292,Vehicle,378313.25,2021-05-07,378313.25,Pledged,,,,,
COLL001296,L001296,Business Asset / Property,111875,2021-05-08,111875,Released,,,,,
COLL001307,L001307,Vehicle,274285.71,2024-02-09,274285.71,Pledged,,,,,
COLL001317,L001317,Business Asset / Property,279718.31,2021-05-10,237760.56,Liquidated,2023-06-14,2023-06-29,231324.64,7701.27,223623.37
COLL001319,L001319,Vehicle,346533.33,2021-05-10,346533.33,Pledged,,,,,
COLL001332,L001332,Business Asset / Property,616190.48,2021-05-12,616190.48,Pledged,,,,,
COLL001355,L001355,Vehicle,226103.9,2021-05-14,226103.9,Pledged,,,,,
COLL001362,L001362,Vehicle,197848.1,2022-12-15,197848.1,Released,,,,,
COLL001364,L001364,Business Asset / Property,394861.11,2021-05-15,394861.11,Pledged,,,,,
COLL001400,L001400,Business Asset / Property,1639014.08,2021-05-19,1639014.08,Pledged,,,,,
COLL001405,L001405,Business Asset / Property,78311.69,2021-05-19,78311.69,Pledged,,,,,
COLL001425,L001425,Vehicle,282285.71,2021-06-22,282285.71,Pledged,,,,,
COLL001429,L001429,Vehicle,270277.78,2021-05-22,229736.11,Liquidated,2021-08-09,2021-09-04,162667.66,9232.43,153435.23
COLL001435,L001435,Vehicle,437654.32,2021-05-23,437654.32,Pledged,,,,,
COLL001450,L001450,Business Asset / Property,618375,2023-07-24,618375,Pledged,,,,,
COLL001466,L001466,Vehicle,577323.94,2021-05-26,577323.94,Pledged,,,,,
COLL001479,L001479,Vehicle,174111.11,2021-11-26,174111.11,Pledged,,,,,
COLL001518,L001518,Business Asset / Property,735243.9,2021-05-31,624957.32,Liquidated,2023-11-18,2023-12-04,513133.92,17648.04,495485.88
COLL001526,L001526,Business Asset / Property,66067.42,2021-06-01,66067.42,Pledged,,,,,
COLL001565,L001565,Vehicle,270256.41,2021-06-04,270256.41,Pledged,,,,,
COLL001568,L001568,Vehicle,585675.68,2021-06-04,585675.68,Pledged,,,,,
COLL001597,L001597,Vehicle,673218.39,2021-06-06,673218.39,Pledged,,,,,
COLL001607,L001607,Vehicle,240833.33,2021-06-08,240833.33,Pledged,,,,,
COLL001608,L001608,Vehicle,213150.68,2022-11-08,213150.68,Pledged,,,,,
COLL001626,L001626,Business Asset / Property,92894.74,2021-06-09,92894.74,Pledged,,,,,
COLL001640,L001640,Vehicle,270365.85,2021-06-11,270365.85,Pledged,,,,,
COLL001683,L001683,Vehicle,277894.74,2021-06-15,277894.74,Pledged,,,,,
COLL001696,L001696,Business Asset / Property,465833.33,2021-06-17,465833.33,Pledged,,,,,
COLL001703,L001703,Business Asset / Property,675119.05,2021-06-18,675119.05,Pledged,,,,,
COLL001705,L001705,Business Asset / Property,186410.26,2021-06-18,186410.26,Pledged,,,,,
COLL001716,L001716,Vehicle,400348.84,2021-06-19,340296.51,Liquidated,2021-09-04,2021-09-23,239636.29,18462.04,221174.25
COLL001730,L001730,Business Asset / Property,345270.27,2021-06-21,345270.27,Released,,,,,
COLL001775,L001775,Vehicle,275657.89,2021-06-26,275657.89,Pledged,,,,,
COLL001781,L001781,Vehicle,295714.29,2021-06-26,295714.29,Pledged,,,,,
COLL001811,L001811,Vehicle,414415.58,2021-06-29,414415.58,Pledged,,,,,
COLL001830,L001830,Vehicle,299733.33,2021-07-02,299733.33,Pledged,,,,,
COLL001836,L001836,Business Asset / Property,649027.78,2021-07-03,649027.78,Pledged,,,,,
COLL001876,L001876,Vehicle,199125,2021-07-09,199125,Pledged,,,,,
COLL001886,L001886,Vehicle,686144.58,2021-07-10,686144.58,Pledged,,,,,
COLL001888,L001888,Business Asset / Property,441558.44,2021-07-10,441558.44,Pledged,,,,,
COLL001889,L001889,Vehicle,347974.68,2021-07-10,347974.68,Released,,,,,
COLL001907,L001907,Vehicle,367671.23,2021-07-13,367671.23,Pledged,,,,,
COLL001913,L001913,Business Asset / Property,109268.29,2021-07-14,109268.29,Pledged,,,,,
COLL001933,L001933,Vehicle,269753.09,2022-03-16,269753.09,Pledged,,,,,
COLL001935,L001935,Business Asset / Property,843506.49,2021-07-16,843506.49,Released,,,,,
COLL001936,L001936,Business Asset / Property,248295.45,2021-07-16,248295.45,Pledged,,,,,
COLL001947,L001947,Business Asset / Property,102045.45,2021-08-17,102045.45,Pledged,,,,,
COLL001954,L001954,Vehicle,258169.01,2021-07-18,258169.01,Pledged,,,,,
COLL001965,L001965,Vehicle,915657.89,2021-07-19,778309.21,Liquidated,2022-06-05,2022-07-09,660362.11,31086.14,629275.97
COLL001984,L001984,Vehicle,244285.71,2021-07-21,207642.85,Liquidated,2025-07-04,2025-07-24,143685.61,8138.24,135547.37
COLL001991,L001991,Business Asset / Property,690232.56,2021-07-22,690232.56,Pledged,,,,,
COLL001998,L001998,Vehicle,449500,2022-04-22,382075,Liquidated,2023-02-02,2023-02-26,360660.1,14686.52,345973.58
COLL002029,L002029,Vehicle,1175600,2021-07-25,1175600,Pledged,,,,,
COLL002034,L002034,Vehicle,225810.81,2021-07-26,225810.81,Pledged,,,,,
COLL002038,L002038,Vehicle,414375,2021-07-26,414375,Pledged,,,,,
COLL002069,L002069,Business Asset / Property,213417.72,2021-07-29,213417.72,Pledged,,,,,
COLL002097,L002097,Vehicle,447073.17,2021-08-01,380012.19,Liquidated,2022-05-07,2022-05-23,265682.11,15849.09,249833.02
COLL002145,L002145,Vehicle,1345955.06,2021-08-08,1345955.06,Pledged,,,,,
COLL002150,L002150,Vehicle,231882.35,2021-08-08,231882.35,Released,,,,,
COLL002157,L002157,Business Asset / Property,317356.32,2021-08-09,317356.32,Pledged,,,,,
COLL002173,L002173,Business Asset / Property,117671.23,2021-08-10,117671.23,Released,,,,,
COLL002212,L002212,Business Asset / Property,129493.67,2021-08-14,129493.67,Pledged,,,,,
COLL002214,L002214,Vehicle,306923.08,2021-08-15,306923.08,Pledged,,,,,
COLL002217,L002217,Business Asset / Property,420704.23,2021-08-15,357598.6,Liquidated,2025-04-24,2025-06-04,357344.17,24820.78,332523.39
COLL002218,L002218,Business Asset / Property,147179.49,2021-08-15,147179.49,Pledged,,,,,
COLL002238,L002238,Business Asset / Property,337368.42,2021-08-18,337368.42,Pledged,,,,,
COLL002244,L002244,Business Asset / Property,147183.1,2021-08-19,147183.1,Released,,,,,
COLL002262,L002262,Vehicle,538194.44,2021-10-23,538194.44,Pledged,,,,,
COLL002275,L002275,Vehicle,444683.54,2021-08-24,377981.01,Liquidated,2023-06-11,2023-07-17,367499.53,28125.25,339374.28
COLL002305,L002305,Business Asset / Property,341710.53,2021-08-28,341710.53,Pledged,,,,,
COLL002311,L002311,Business Asset / Property,253947.37,2021-08-29,215855.26,Liquidated,2022-12-08,2023-01-20,197914.96,10293.31,187621.65
COLL002330,L002330,Business Asset / Property,245769.23,2021-09-01,245769.23,Pledged,,,,,
COLL002355,L002355,Business Asset / Property,83690.48,2021-09-05,83690.48,Released,,,,,
COLL002359,L002359,Business Asset / Property,57752.81,2021-09-05,57752.81,Pledged,,,,,
COLL002399,L002399,Business Asset / Property,128426.97,2021-09-09,128426.97,Pledged,,,,,
COLL002415,L002415,Business Asset / Property,100555.56,2021-09-11,100555.56,Pledged,,,,,
COLL002441,L002441,Vehicle,378767.12,2021-09-13,378767.12,Pledged,,,,,
COLL002443,L002443,Vehicle,199350.65,2021-09-13,199350.65,Pledged,,,,,
COLL002445,L002445,Business Asset / Property,81095.89,2021-09-13,68931.51,Liquidated,2023-01-27,2023-02-12,64290.98,2367.18,61923.8
COLL002462,L002462,Vehicle,712467.53,2025-09-14,712467.53,Pledged,,,,,
COLL002476,L002476,Business Asset / Property,114675.32,2021-09-16,114675.32,Pledged,,,,,
COLL002497,L002497,Vehicle,587307.69,2021-09-18,587307.69,Pledged,,,,,
COLL002500,L002500,Vehicle,603108.11,2021-09-18,603108.11,Pledged,,,,,
COLL002501,L002501,Business Asset / Property,154109.59,2025-05-18,154109.59,Pledged,,,,,
COLL002524,L002524,Vehicle,212439.02,2024-01-19,180573.17,Liquidated,2024-10-07,2024-11-17,128292.31,7810.69,120481.62
COLL002547,L002547,Vehicle,331590.91,2021-09-22,331590.91,Pledged,,,,,
COLL002590,L002590,Vehicle,258000,2021-12-26,258000,Pledged,,,,,
COLL002611,L002611,Business Asset / Property,355135.14,2021-09-30,355135.14,Pledged,,,,,
COLL002638,L002638,Business Asset / Property,413793.1,2024-10-02,413793.1,Pledged,,,,,
COLL002653,L002653,Business Asset / Property,132528.74,2021-10-03,132528.74,Pledged,,,,,
COLL002655,L002655,Vehicle,668000,2021-10-03,668000,Pledged,,,,,
COLL002673,L002673,Vehicle,302027.03,2021-10-05,302027.03,Released,,,,,
COLL002695,L002695,Vehicle,224000,2024-09-07,224000,Pledged,,,,,
COLL002702,L002702,Vehicle,307945.21,2022-01-08,307945.21,Pledged,,,,,
COLL002717,L002717,Business Asset / Property,288314.61,2021-10-09,288314.61,Pledged,,,,,
COLL002754,L002754,Business Asset / Property,495316.46,2021-10-13,495316.46,Pledged,,,,,
COLL002760,L002760,Business Asset / Property,83150.68,2023-01-14,83150.68,Pledged,,,,,
COLL002781,L002781,Vehicle,407236.84,2024-02-16,407236.84,Pledged,,,,,
COLL002790,L002790,Business Asset / Property,272638.89,2021-10-16,272638.89,Pledged,,,,,
COLL002796,L002796,Business Asset / Property,373977.27,2021-10-17,373977.27,Pledged,,,,,
COLL002799,L002799,Vehicle,191363.64,2023-07-18,162659.09,Liquidated,2025-05-27,2025-06-17,128869.37,6300.01,122569.36
COLL002801,L002801,Business Asset / Property,70681.82,2021-10-18,70681.82,Pledged,,,,,
COLL002819,L002819,Vehicle,506027.4,2022-01-19,430123.29,Liquidated,2022-08-31,2022-10-04,374533.8,13219.14,361314.66
COLL002826,L002826,Vehicle,1009333.33,2021-10-20,1009333.33,Pledged,,,,,
COLL002857,L002857,Vehicle,239305.56,2021-10-23,239305.56,Pledged,,,,,
COLL002863,L002863,Vehicle,237500,2021-10-23,237500,Released,,,,,
COLL002883,L002883,Vehicle,395294.12,2021-10-25,395294.12,Pledged,,,,,
COLL002884,L002884,Vehicle,197108.43,2022-02-25,197108.43,Released,,,,,
COLL002893,L002893,Business Asset / Property,70581.4,2021-10-26,70581.4,Pledged,,,,,
COLL002895,L002895,Business Asset / Property,624705.88,2021-10-27,531000,Liquidated,2025-07-14,2025-08-11,490755.42,28596.84,462158.58
COLL002909,L002909,Vehicle,373417.72,2021-10-27,373417.72,Released,,,,,
COLL002927,L002927,Vehicle,234520.55,2021-10-28,234520.55,Pledged,,,,,
COLL002935,L002935,Vehicle,236619.72,2021-10-29,236619.72,Pledged,,,,,
COLL002948,L002948,Vehicle,397647.06,2021-10-30,397647.06,Released,,,,,
COLL002950,L002950,Business Asset / Property,423098.59,2021-10-31,423098.59,Released,,,,,
COLL002955,L002955,Vehicle,267195.12,2021-10-31,267195.12,Released,,,,,
COLL002982,L002982,Vehicle,235862.07,2021-11-02,200482.76,Liquidated,2025-02-18,2025-03-13,166556.07,6169.32,160386.75
COLL003037,L003037,Business Asset / Property,127945.21,2021-11-07,127945.21,Released,,,,,
COLL003039,L003039,Business Asset / Property,287333.33,2021-11-07,287333.33,Pledged,,,,,
COLL003043,L003043,Vehicle,724117.65,2021-11-08,724117.65,Pledged,,,,,
COLL003048,L003048,Vehicle,892250,2021-11-08,758412.5,Liquidated,2022-08-19,2022-09-06,680487.87,33234.8,647253.07
COLL003050,L003050,Business Asset / Property,262222.22,2021-11-08,262222.22,Pledged,,,,,
COLL003055,L003055,Business Asset / Property,133684.21,2021-11-08,133684.21,Pledged,,,,,
COLL003074,L003074,Business Asset / Property,139036.14,2021-11-10,139036.14,Pledged,,,,,
COLL003093,L003093,Business Asset / Property,201818.18,2021-11-12,201818.18,Pledged,,,,,
COLL003101,L003101,Vehicle,358965.52,2021-11-12,358965.52,Released,,,,,
COLL003121,L003121,Vehicle,881944.44,2021-11-14,881944.44,Pledged,,,,,
COLL003124,L003124,Vehicle,275662.65,2021-11-15,275662.65,Pledged,,,,,
COLL003139,L003139,Vehicle,589358.97,2021-11-16,589358.97,Pledged,,,,,
COLL003155,L003155,Vehicle,282676.06,2021-11-17,282676.06,Pledged,,,,,
COLL003209,L003209,Vehicle,436216.22,2021-11-22,370783.79,Liquidated,2024-04-06,2024-05-13,365508.88,25589.1,339919.78
COLL003212,L003212,Vehicle,948072.29,2021-11-23,948072.29,Pledged,,,,,
COLL003222,L003222,Vehicle,378452.38,2022-02-23,378452.38,Pledged,,,,,
COLL003234,L003234,Business Asset / Property,888390.8,2021-11-24,888390.8,Pledged,,,,,
COLL003245,L003245,Vehicle,291690.14,2021-11-25,291690.14,Released,,,,,
COLL003271,L003271,Vehicle,730864.2,2021-11-27,730864.2,Pledged,,,,,
COLL003284,L003284,Business Asset / Property,127285.71,2021-11-29,127285.71,Pledged,,,,,
COLL003299,L003299,Vehicle,544819.28,2021-11-30,544819.28,Pledged,,,,,
COLL003305,L003305,Vehicle,1240128.21,2021-12-01,1240128.21,Pledged,,,,,
COLL003323,L003323,Vehicle,239418.6,2021-12-03,203505.81,Liquidated,2023-04-09,2023-05-20,132596.4,5904.07,126692.33
COLL003326,L003326,Business Asset / Property,322784.81,2021-12-03,322784.81,Pledged,,,,,
COLL003338,L003338,Vehicle,455633.8,2021-12-04,455633.8,Pledged,,,,,
COLL003340,L003340,Vehicle,449466.67,2021-12-04,449466.67,Pledged,,,,,
COLL003376,L003376,Vehicle,533766.23,2021-12-08,533766.23,Pledged,,,,,
COLL003386,L003386,Business Asset / Property,374605.26,2021-12-08,374605.26,Released,,,,,
COLL003406,L003406,Business Asset / Property,278648.65,2021-12-10,236851.35,Liquidated,2024-06-14,2024-07-07,171057.89,10690.38,160367.51
COLL003420,L003420,Business Asset / Property,187368.42,2021-12-11,159263.16,Liquidated,2022-08-25,2022-09-27,104371.38,3586.68,100784.7
COLL003423,L003423,Business Asset / Property,100714.29,2021-12-12,100714.29,Pledged,,,,,
COLL003425,L003425,Business Asset / Property,500823.53,2021-12-12,500823.53,Pledged,,,,,
COLL003426,L003426,Business Asset / Property,85058.82,2021-12-12,72300,Liquidated,2024-06-29,2024-07-14,49837.3,2974.37,46862.93
COLL003440,L003440,Business Asset / Property,860563.38,2021-12-13,860563.38,Pledged,,,,,
COLL003447,L003447,Business Asset / Property,635747.13,2023-01-13,635747.13,Released,,,,,
COLL003470,L003470,Vehicle,315802.47,2022-09-15,315802.47,Pledged,,,,,
COLL003501,L003501,Business Asset / Property,162439.02,2021-12-18,162439.02,Pledged,,,,,
COLL003504,L003504,Business Asset / Property,223720.93,2021-12-18,223720.93,Pledged,,,,,
COLL003541,L003541,Vehicle,739342.11,2021-12-21,739342.11,Pledged,,,,,
COLL003545,L003545,Vehicle,191839.08,2021-12-21,191839.08,Pledged,,,,,
COLL003546,L003546,Business Asset / Property,269534.88,2021-12-21,269534.88,Released,,,,,
COLL003568,L003568,Vehicle,822000,2024-10-23,822000,Released,,,,,
COLL003594,L003594,Business Asset / Property,182328.77,2022-02-26,182328.77,Pledged,,,,,
COLL003598,L003598,Business Asset / Property,202222.22,2024-04-26,202222.22,Pledged,,,,,
COLL003601,L003601,Business Asset / Property,130789.47,2021-12-26,130789.47,Pledged,,,,,
COLL003606,L003606,Vehicle,917638.89,2022-02-27,917638.89,Released,,,,,
COLL003614,L003614,Business Asset / Property,662716.05,2025-02-27,662716.05,Pledged,,,,,
COLL003634,L003634,Vehicle,216235.29,2021-12-30,216235.29,Released,,,,,
COLL003643,L003643,Vehicle,203132.53,2021-12-30,203132.53,Pledged,,,,,
COLL003680,L003680,Business Asset / Property,483908.05,2022-01-02,483908.05,Pledged,,,,,
COLL003685,L003685,Vehicle,196962.03,2022-01-02,196962.03,Pledged,,,,,
COLL003700,L003700,Vehicle,209000,2022-01-03,209000,Pledged,,,,,
COLL003702,L003702,Business Asset / Property,254788.73,2022-01-03,254788.73,Pledged,,,,,
COLL003716,L003716,Vehicle,407000,2023-01-05,407000,Pledged,,,,,
COLL003728,L003728,Vehicle,701123.6,2022-01-06,701123.6,Pledged,,,,,
COLL003742,L003742,Business Asset / Property,434941.18,2022-01-08,434941.18,Pledged,,,,,
COLL003746,L003746,Vehicle,260000,2022-01-08,260000,Pledged,,,,,
COLL003761,L003761,Vehicle,297162.16,2022-01-09,297162.16,Pledged,,,,,
COLL003781,L003781,Vehicle,215833.33,2022-01-10,215833.33,Released,,,,,
COLL003794,L003794,Business Asset / Property,247051.28,2022-01-12,209993.59,Liquidated,2025-05-01,2025-06-02,180112.07,10439.92,169672.15
COLL003799,L003799,Business Asset / Property,175432.1,2023-07-12,175432.1,Pledged,,,,,
COLL003801,L003801,Vehicle,254269.66,2022-01-12,254269.66,Pledged,,,,,
COLL003811,L003811,Vehicle,342727.27,2022-01-13,342727.27,Pledged,,,,,
COLL003813,L003813,Vehicle,739615.38,2022-01-13,739615.38,Pledged,,,,,
COLL003850,L003850,Vehicle,209459.46,2022-01-16,209459.46,Pledged,,,,,
COLL003856,L003856,Vehicle,306493.51,2022-01-16,306493.51,Pledged,,,,,
COLL003886,L003886,Vehicle,1362236.84,2022-01-19,1157901.31,Liquidated,2022-10-05,2022-11-01,1122121.23,58093.48,1064027.75
COLL003888,L003888,Vehicle,496144.58,2022-01-20,496144.58,Released,,,,,
COLL003927,L003927,Vehicle,472638.89,2022-01-23,401743.06,Liquidated,2022-04-30,2022-05-21,367616.59,14608.84,353007.75
COLL003929,L003929,Vehicle,413095.24,2022-01-24,413095.24,Released,,,,,
COLL003944,L003944,Vehicle,363372.09,2022-01-25,308866.28,Liquidated,2022-06-12,2022-07-01,295067.08,19953.74,275113.34
COLL003951,L003951,Business Asset / Property,68048.78,2022-01-25,68048.78,Pledged,,,,,
COLL004000,L004000,Vehicle,265294.12,2022-01-30,265294.12,Pledged,,,,,
COLL004003,L004003,Vehicle,294651.16,2022-01-30,294651.16,Pledged,,,,,
COLL004007,L004007,Vehicle,323555.56,2022-01-30,323555.56,Pledged,,,,,
COLL004014,L004014,Business Asset / Property,174938.27,2023-08-30,174938.27,Pledged,,,,,
COLL004028,L004028,Business Asset / Property,101842.11,2022-02-01,101842.11,Pledged,,,,,
COLL004031,L004031,Vehicle,540365.85,2022-08-01,540365.85,Pledged,,,,,
COLL004055,L004055,Business Asset / Property,781052.63,2022-02-03,781052.63,Pledged,,,,,
COLL004076,L004076,Business Asset / Property,424567.9,2024-05-05,424567.9,Pledged,,,,,
COLL004107,L004107,Vehicle,265915.49,2022-02-07,265915.49,Pledged,,,,,
COLL004109,L004109,Vehicle,304936.71,2022-02-07,304936.71,Pledged,,,,,
COLL004128,L004128,Vehicle,458750,2022-02-10,458750,Pledged,,,,,
COLL004154,L004154,Business Asset / Property,244615.38,2022-02-12,244615.38,Pledged,,,,,
COLL004176,L004176,Business Asset / Property,91839.08,2022-02-14,91839.08,Pledged,,,,,
COLL004194,L004194,Vehicle,252857.14,2022-02-16,252857.14,Pledged,,,,,
COLL004201,L004201,Business Asset / Property,103058.82,2022-02-17,87600,Liquidated,2024-08-25,2024-09-22,61470.33,4844.36,56625.97
COLL004228,L004228,Vehicle,246266.67,2022-02-19,246266.67,Pledged,,,,,
COLL004278,L004278,Vehicle,371785.71,2022-02-24,371785.71,Pledged,,,,,
COLL004284,L004284,Vehicle,192500,2022-02-25,192500,Released,,,,,
COLL004320,L004320,Vehicle,208666.67,2022-02-28,208666.67,Pledged,,,,,
COLL004321,L004321,Business Asset / Property,141234.57,2022-02-28,141234.57,Pledged,,,,,
COLL004330,L004330,Business Asset / Property,185057.47,2022-05-01,157298.85,Liquidated,2022-07-12,2022-08-22,134823.98,9392.54,125431.44
COLL004334,L004334,Business Asset / Property,298421.05,2022-03-01,253657.89,Liquidated,2022-05-06,2022-06-15,169423.75,8585.11,160838.64
COLL004338,L004338,Vehicle,780845.07,2022-03-02,780845.07,Pledged,,,,,
COLL004342,L004342,Vehicle,390227.27,2022-03-02,390227.27,Pledged,,,,,
COLL004358,L004358,Business Asset / Property,356022.73,2022-03-03,356022.73,Pledged,,,,,
COLL004370,L004370,Business Asset / Property,208250,2022-03-04,208250,Released,,,,,
COLL004374,L004374,Vehicle,255616.44,2025-02-04,255616.44,Pledged,,,,,
COLL004407,L004407,Business Asset / Property,169868.42,2022-03-08,144388.16,Liquidated,2026-02-16,2026-03-27,144360.77,5000.3,139360.47
COLL004415,L004415,Business Asset / Property,540138.89,2022-03-08,540138.89,Pledged,,,,,
COLL004425,L004425,Business Asset / Property,233863.64,2022-03-09,233863.64,Pledged,,,,,
COLL004461,L004461,Vehicle,1043066.67,2022-03-13,1043066.67,Pledged,,,,,
COLL004499,L004499,Vehicle,197594.94,2022-03-16,197594.94,Pledged,,,,,
COLL004572,L004572,Business Asset / Property,169625,2022-03-24,169625,Pledged,,,,,
COLL004581,L004581,Vehicle,309078.95,2024-02-25,309078.95,Pledged,,,,,
COLL004598,L004598,Business Asset / Property,278732.39,2022-03-26,278732.39,Pledged,,,,,
COLL004599,L004599,Business Asset / Property,219156.63,2022-03-26,186283.14,Liquidated,2024-02-01,2024-02-19,177792.09,11657.81,166134.28
COLL004601,L004601,Vehicle,299878.05,2022-03-27,299878.05,Released,,,,,
COLL004602,L004602,Vehicle,505402.3,2022-03-27,505402.3,Pledged,,,,,
COLL004603,L004603,Vehicle,447325.58,2023-10-27,447325.58,Pledged,,,,,
COLL004608,L004608,Vehicle,338181.82,2022-03-28,338181.82,Released,,,,,
COLL004639,L004639,Business Asset / Property,142972.97,2022-03-30,142972.97,Pledged,,,,,
COLL004640,L004640,Business Asset / Property,91411.76,2022-03-30,91411.76,Pledged,,,,,
COLL004643,L004643,Vehicle,918375,2022-03-31,918375,Pledged,,,,,
COLL004666,L004666,Vehicle,388571.43,2022-04-01,388571.43,Released,,,,,
COLL004668,L004668,Vehicle,265909.09,2022-04-01,265909.09,Released,,,,,
COLL004670,L004670,Vehicle,272439.02,2022-04-01,272439.02,Released,,,,,
COLL004682,L004682,Vehicle,253977.27,2022-04-03,253977.27,Released,,,,,
COLL004730,L004730,Business Asset / Property,1387976.19,2022-04-08,1387976.19,Released,,,,,
COLL004737,L004737,Business Asset / Property,62093.02,2022-04-08,62093.02,Pledged,,,,,
COLL004751,L004751,Business Asset / Property,355185.19,2022-04-09,355185.19,Released,,,,,
COLL004764,L004764,Vehicle,366891.89,2022-04-11,366891.89,Pledged,,,,,
COLL004766,L004766,Business Asset / Property,781839.08,2022-04-11,781839.08,Pledged,,,,,
COLL004768,L004768,Business Asset / Property,835125,2022-04-12,835125,Pledged,,,,,
COLL004770,L004770,Vehicle,461875,2022-04-12,461875,Pledged,,,,,
COLL004772,L004772,Vehicle,575526.32,2022-04-12,575526.32,Pledged,,,,,
COLL004776,L004776,Vehicle,889101.12,2022-08-13,889101.12,Pledged,,,,,
COLL004789,L004789,Vehicle,266904.76,2022-04-15,266904.76,Pledged,,,,,
COLL004800,L004800,Business Asset / Property,278571.43,2022-10-16,236785.72,Liquidated,2024-12-30,2025-01-14,215199.76,6698.63,208501.13
COLL004824,L004824,Vehicle,245333.33,2022-04-19,208533.33,Liquidated,2022-12-07,2023-01-11,150517.42,7030.36,143487.06
COLL004828,L004828,Business Asset / Property,314642.86,2022-04-19,267446.43,Liquidated,2022-09-01,2022-10-14,255779.81,12873.75,242906.06
COLL004832,L004832,Business Asset / Property,1403289.47,2022-04-20,1403289.47,Pledged,,,,,
COLL004873,L004873,Vehicle,376136.36,2022-04-25,376136.36,Pledged,,,,,
COLL004876,L004876,Business Asset / Property,224235.29,2022-04-26,224235.29,Pledged,,,,,
COLL004898,L004898,Vehicle,431136.36,2022-04-28,431136.36,Pledged,,,,,
COLL004923,L004923,Vehicle,450985.92,2022-04-30,450985.92,Pledged,,,,,
COLL004924,L004924,Business Asset / Property,502705.88,2022-04-30,502705.88,Pledged,,,,,
COLL004941,L004941,Vehicle,312891.57,2022-05-01,312891.57,Pledged,,,,,
COLL004949,L004949,Business Asset / Property,562179.49,2022-05-02,562179.49,Released,,,,,
COLL004955,L004955,Vehicle,227750,2022-05-02,227750,Pledged,,,,,
COLL004980,L004980,Vehicle,588863.64,2022-05-06,588863.64,Pledged,,,,,
COLL005001,L005001,Business Asset / Property,243205.13,2022-05-08,243205.13,Released,,,,,
COLL005003,L005003,Vehicle,378764.04,2022-05-09,378764.04,Pledged,,,,,
COLL005004,L005004,Vehicle,782638.89,2022-06-09,782638.89,Released,,,,,
COLL005032,L005032,Vehicle,526463.41,2022-05-12,447493.9,Liquidated,2023-12-17,2024-01-26,370285.68,13307.52,356978.16
COLL005037,L005037,Business Asset / Property,1061944.44,2022-05-13,1061944.44,Pledged,,,,,
COLL005042,L005042,Business Asset / Property,278873.24,2024-05-13,278873.24,Pledged,,,,,
COLL005046,L005046,Business Asset / Property,119487.18,2026-02-13,119487.18,Pledged,,,,,
COLL005075,L005075,Vehicle,657837.84,2022-05-17,657837.84,Pledged,,,,,
COLL005079,L005079,Business Asset / Property,455238.1,2022-05-17,455238.1,Pledged,,,,,
COLL005095,L005095,Vehicle,361625,2022-05-19,307381.25,Liquidated,2022-08-01,2022-09-12,250825.69,10049.12,240776.57
COLL005161,L005161,Business Asset / Property,205384.62,2022-05-26,205384.62,Pledged,,,,,
COLL005172,L005172,Business Asset / Property,165185.19,2022-05-27,165185.19,Pledged,,,,,
COLL005174,L005174,Vehicle,210416.67,2023-07-27,210416.67,Pledged,,,,,
COLL005183,L005183,Vehicle,520000,2024-04-28,520000,Pledged,,,,,
COLL005185,L005185,Vehicle,386944.44,2022-05-28,386944.44,Pledged,,,,,
COLL005187,L005187,Business Asset / Property,70795.45,2023-02-28,70795.45,Pledged,,,,,
COLL005193,L005193,Business Asset / Property,92125,2022-05-29,92125,Released,,,,,
COLL005246,L005246,Business Asset / Property,94096.39,2022-06-03,79981.93,Liquidated,2022-10-13,2022-11-12,66235.49,3992.41,62243.08
COLL005267,L005267,Vehicle,441549.3,2022-06-05,441549.3,Released,,,,,
COLL005270,L005270,Business Asset / Property,560000,2022-06-05,560000,Pledged,,,,,
COLL005272,L005272,Business Asset / Property,71518.99,2022-06-06,71518.99,Pledged,,,,,
COLL005284,L005284,Vehicle,270547.95,2022-06-07,270547.95,Pledged,,,,,
COLL005288,L005288,Business Asset / Property,410945.95,2022-06-08,410945.95,Pledged,,,,,
COLL005292,L005292,Vehicle,213678.16,2022-06-08,213678.16,Released,,,,,
COLL005321,L005321,Business Asset / Property,397228.92,2022-06-11,397228.92,Pledged,,,,,
COLL005324,L005324,Vehicle,209302.33,2022-06-11,209302.33,Pledged,,,,,
COLL005357,L005357,Business Asset / Property,260714.29,2022-06-14,221607.15,Liquidated,2022-09-18,2022-10-27,220590.46,13563.25,207027.21
COLL005376,L005376,Business Asset / Property,318051.95,2022-06-16,318051.95,Pledged,,,,,
COLL005393,L005393,Vehicle,535454.55,2022-06-17,535454.55,Pledged,,,,,
COLL005409,L005409,Vehicle,339295.77,2022-06-19,339295.77,Pledged,,,,,
COLL005413,L005413,Business Asset / Property,86506.02,2022-06-20,86506.02,Pledged,,,,,
COLL005428,L005428,Vehicle,223292.68,2022-06-22,223292.68,Pledged,,,,,
COLL005447,L005447,Vehicle,317931.03,2022-06-25,317931.03,Pledged,,,,,
COLL005474,L005474,Business Asset / Property,104500,2022-06-28,104500,Pledged,,,,,
COLL005489,L005489,Vehicle,1051604.94,2022-06-29,1051604.94,Pledged,,,,,
COLL005494,L005494,Vehicle,663648.65,2022-06-30,663648.65,Pledged,,,,,
COLL005531,L005531,Vehicle,542159.09,2022-07-04,460835.23,Liquidated,2023-01-16,2023-02-13,411619.91,13470.01,398149.9
COLL005541,L005541,Vehicle,293866.67,2022-07-05,293866.67,Pledged,,,,,
COLL005574,L005574,Vehicle,793950.62,2022-07-09,793950.62,Pledged,,,,,
COLL005579,L005579,Vehicle,530731.71,2024-07-10,530731.71,Pledged,,,,,
COLL005615,L005615,Vehicle,179444.44,2022-07-14,179444.44,Pledged,,,,,
COLL005633,L005633,Vehicle,177444.44,2022-07-15,177444.44,Pledged,,,,,
COLL005638,L005638,Business Asset / Property,314400,2022-07-16,314400,Pledged,,,,,
COLL005666,L005666,Vehicle,371494.25,2022-07-21,371494.25,Pledged,,,,,
COLL005679,L005679,Business Asset / Property,70843.37,2022-07-22,70843.37,Pledged,,,,,
COLL005689,L005689,Vehicle,595617.98,2022-07-24,595617.98,Released,,,,,
COLL005691,L005691,Vehicle,225696.2,2022-07-24,225696.2,Pledged,,,,,
COLL005695,L005695,Business Asset / Property,315675.68,2022-07-25,315675.68,Pledged,,,,,
COLL005704,L005704,Vehicle,507108.43,2022-07-26,431042.17,Liquidated,2025-07-04,2025-08-14,399760.26,24835.02,374925.24
COLL005707,L005707,Vehicle,563380.28,2023-10-26,563380.28,Pledged,,,,,
COLL005709,L005709,Vehicle,317638.89,2022-07-27,317638.89,Pledged,,,,,
COLL005716,L005716,Business Asset / Property,186190.48,2022-07-27,186190.48,Pledged,,,,,
COLL005728,L005728,Vehicle,366250,2022-07-29,366250,Pledged,,,,,
COLL005744,L005744,Vehicle,220400,2022-07-31,220400,Pledged,,,,,
COLL005790,L005790,Vehicle,386363.64,2022-08-07,386363.64,Pledged,,,,,
COLL005791,L005791,Vehicle,198750,2022-08-07,198750,Released,,,,,
COLL005819,L005819,Vehicle,203529.41,2022-08-10,203529.41,Pledged,,,,,
COLL005823,L005823,Vehicle,202771.08,2022-08-11,202771.08,Released,,,,,
COLL005831,L005831,Business Asset / Property,78125,2022-08-12,78125,Pledged,,,,,
COLL005849,L005849,Vehicle,398441.56,2022-08-14,398441.56,Pledged,,,,,
COLL005862,L005862,Business Asset / Property,368372.09,2022-08-15,368372.09,Pledged,,,,,
COLL005889,L005889,Business Asset / Property,139555.56,2022-08-19,139555.56,Pledged,,,,,
COLL005933,L005933,Vehicle,298354.43,2022-08-25,298354.43,Pledged,,,,,
COLL005942,L005942,Business Asset / Property,116250,2022-08-26,98812.5,Liquidated,2023-07-15,2023-07-30,97812.51,5816.96,91995.55
COLL005946,L005946,Vehicle,1686962.03,2022-08-27,1433917.73,Liquidated,2025-06-11,2025-07-06,1002500.48,37573.36,964927.12
COLL005949,L005949,Business Asset / Property,205287.36,2022-08-27,205287.36,Released,,,,,
COLL005956,L005956,Vehicle,392179.49,2022-08-28,333352.57,Liquidated,2025-01-10,2025-02-13,245526.62,18696.37,226830.25
COLL005960,L005960,Vehicle,304657.53,2022-08-29,304657.53,Pledged,,,,,
COLL005982,L005982,Vehicle,419736.84,2022-09-01,419736.84,Pledged,,,,,
COLL005993,L005993,Vehicle,187272.73,2022-09-02,159181.82,Liquidated,2022-11-12,2022-12-07,126975.93,9072.78,117903.15
COLL006016,L006016,Vehicle,561358.02,2023-06-04,561358.02,Pledged,,,,,
COLL006022,L006022,Business Asset / Property,179459.46,2026-04-06,179459.46,Pledged,,,,,
COLL006027,L006027,Vehicle,338289.47,2024-05-06,338289.47,Pledged,,,,,
COLL006033,L006033,Business Asset / Property,123333.33,2023-01-07,104833.33,Liquidated,2023-05-19,2023-06-07,75001.9,3277.6,71724.3
COLL006043,L006043,Business Asset / Property,130609.76,2022-09-09,130609.76,Pledged,,,,,
COLL006091,L006091,Business Asset / Property,85945.95,2022-09-14,85945.95,Pledged,,,,,
COLL006102,L006102,Business Asset / Property,109506.17,2022-09-14,93080.24,Liquidated,2023-08-25,2023-09-19,60825.24,4443.64,56381.6
COLL006113,L006113,Vehicle,316621.62,2022-09-15,316621.62,Released,,,,,
COLL006125,L006125,Business Asset / Property,78674.7,2022-09-16,78674.7,Pledged,,,,,
COLL006134,L006134,Business Asset / Property,146265.06,2022-09-16,146265.06,Pledged,,,,,
COLL006151,L006151,Vehicle,670400,2022-09-18,670400,Pledged,,,,,
COLL006161,L006161,Vehicle,603707.87,2022-09-19,513151.69,Liquidated,2023-09-07,2023-09-25,372364.6,16814.39,355550.21
COLL006178,L006178,Vehicle,945657.89,2022-09-21,945657.89,Pledged,,,,,
COLL006216,L006216,Business Asset / Property,330602.41,2022-09-25,330602.41,Pledged,,,,,
COLL006230,L006230,Business Asset / Property,110714.29,2022-09-27,110714.29,Pledged,,,,,
COLL006240,L006240,Business Asset / Property,1260000,2022-09-28,1071000,Liquidated,2023-02-10,2023-03-26,915709.31,48593.73,867115.58
COLL006245,L006245,Business Asset / Property,143552.63,2022-09-28,143552.63,Pledged,,,,,
COLL006296,L006296,Vehicle,332800,2023-02-03,332800,Pledged,,,,,
COLL006311,L006311,Vehicle,260581.4,2022-10-04,260581.4,Pledged,,,,,
COLL006313,L006313,Vehicle,793461.54,2022-10-05,793461.54,Pledged,,,,,
COLL006321,L006321,Business Asset / Property,514444.44,2022-10-06,514444.44,Pledged,,,,,
COLL006323,L006323,Business Asset / Property,277647.06,2022-10-06,277647.06,Pledged,,,,,
COLL006337,L006337,Business Asset / Property,307534.25,2022-10-07,307534.25,Pledged,,,,,
COLL006349,L006349,Vehicle,364117.65,2022-10-08,364117.65,Released,,,,,
COLL006370,L006370,Business Asset / Property,329305.56,2022-10-10,329305.56,Pledged,,,,,
COLL006389,L006389,Business Asset / Property,980555.56,2022-10-12,980555.56,Pledged,,,,,
COLL006391,L006391,Vehicle,256125,2022-10-12,256125,Pledged,,,,,
COLL006392,L006392,Business Asset / Property,310000,2023-07-12,310000,Pledged,,,,,
COLL006397,L006397,Business Asset / Property,405119.05,2022-10-12,405119.05,Pledged,,,,,
COLL006401,L006401,Vehicle,217323.94,2022-10-13,217323.94,Pledged,,,,,
COLL006408,L006408,Vehicle,344250,2022-10-13,344250,Pledged,,,,,
COLL006416,L006416,Vehicle,239444.44,2022-10-14,239444.44,Released,,,,,
COLL006434,L006434,Vehicle,261315.79,2022-10-16,222118.42,Liquidated,2025-02-28,2025-03-30,198423.07,14709.48,183713.59
COLL006465,L006465,Vehicle,494597.7,2023-01-19,494597.7,Pledged,,,,,
COLL006467,L006467,Vehicle,395949.37,2022-10-19,336556.96,Liquidated,2024-08-07,2024-09-01,334925.19,17499.07,317426.12
COLL006468,L006468,Business Asset / Property,62325.58,2022-10-19,62325.58,Pledged,,,,,
COLL006470,L006470,Business Asset / Property,570000,2022-10-19,570000,Pledged,,,,,
COLL006479,L006479,Vehicle,408000,2022-12-20,408000,Released,,,,,
COLL006484,L006484,Business Asset / Property,620119.05,2022-10-20,620119.05,Pledged,,,,,
COLL006499,L006499,Business Asset / Property,221428.57,2022-10-22,221428.57,Pledged,,,,,
COLL006500,L006500,Business Asset / Property,197567.57,2022-10-22,197567.57,Pledged,,,,,
COLL006501,L006501,Business Asset / Property,962674.42,2022-10-22,962674.42,Pledged,,,,,
COLL006512,L006512,Vehicle,666216.22,2022-10-23,666216.22,Pledged,,,,,
COLL006525,L006525,Business Asset / Property,180714.29,2022-10-24,180714.29,Released,,,,,
COLL006528,L006528,Business Asset / Property,234494.38,2022-10-24,234494.38,Released,,,,,
COLL006536,L006536,Business Asset / Property,307875,2022-10-25,307875,Pledged,,,,,
COLL006537,L006537,Vehicle,576486.49,2022-11-25,576486.49,Pledged,,,,,
COLL006544,L006544,Business Asset / Property,296447.37,2022-10-25,296447.37,Pledged,,,,,
COLL006556,L006556,Vehicle,772073.17,2022-10-27,772073.17,Pledged,,,,,
COLL006567,L006567,Vehicle,537605.63,2022-10-28,537605.63,Pledged,,,,,
COLL006569,L006569,Vehicle,189761.9,2026-03-28,189761.9,Pledged,,,,,
COLL006618,L006618,Vehicle,194269.66,2022-11-02,194269.66,Pledged,,,,,
COLL006641,L006641,Vehicle,528170.73,2022-11-05,448945.12,Liquidated,2025-03-16,2025-04-09,352063.64,20545,331518.64
COLL006657,L006657,Vehicle,660632.91,2022-11-06,660632.91,Pledged,,,,,
COLL006683,L006683,Business Asset / Property,208888.89,2022-11-07,208888.89,Pledged,,,,,
COLL006710,L006710,Vehicle,292250,2022-11-09,292250,Pledged,,,,,
COLL006720,L006720,Vehicle,622816.9,2022-11-10,622816.9,Released,,,,,
COLL006770,L006770,Business Asset / Property,210777.78,2022-11-15,210777.78,Released,,,,,
COLL006780,L006780,Vehicle,391527.78,2022-11-16,332798.61,Liquidated,2023-11-22,2023-12-13,273423.91,18451.58,254972.33
COLL006809,L006809,Vehicle,980519.48,2022-11-18,980519.48,Pledged,,,,,
COLL006815,L006815,Vehicle,1733452.38,2022-11-19,1733452.38,Pledged,,,,,
COLL006846,L006846,Business Asset / Property,346891.89,2022-11-22,294858.11,Liquidated,2023-04-05,2023-05-20,263088.97,14030.89,249058.08
COLL006861,L006861,Vehicle,198461.54,2022-11-23,198461.54,Pledged,,,,,
COLL006886,L006886,Vehicle,1102432.43,2022-11-26,1102432.43,Pledged,,,,,
COLL006934,L006934,Vehicle,188554.22,2024-04-30,188554.22,Pledged,,,,,
COLL006954,L006954,Business Asset / Property,339125,2022-12-02,339125,Pledged,,,,,
COLL006960,L006960,Vehicle,402666.67,2022-12-02,402666.67,Pledged,,,,,
COLL006972,L006972,Vehicle,1072588.24,2022-12-03,1072588.24,Pledged,,,,,
COLL006975,L006975,Business Asset / Property,223013.7,2022-12-03,223013.7,Pledged,,,,,
COLL006978,L006978,Business Asset / Property,179090.91,2025-04-04,179090.91,Pledged,,,,,
COLL006983,L006983,Business Asset / Property,619178.08,2022-12-04,526301.37,Liquidated,2024-08-09,2024-09-18,367069.25,13837.76,353231.49
COLL007005,L007005,Vehicle,666708.86,2023-02-06,666708.86,Released,,,,,
COLL007014,L007014,Vehicle,273414.63,2022-12-07,273414.63,Pledged,,,,,
COLL007018,L007018,Vehicle,419555.56,2022-12-07,419555.56,Pledged,,,,,
COLL007037,L007037,Vehicle,285411.76,2022-12-09,285411.76,Pledged,,,,,
COLL007063,L007063,Vehicle,1114418.6,2022-12-11,1114418.6,Released,,,,,
COLL007072,L007072,Vehicle,556781.61,2022-12-12,556781.61,Released,,,,,
COLL007078,L007078,Vehicle,458354.43,2022-12-12,458354.43,Pledged,,,,,
COLL007085,L007085,Vehicle,417750,2022-12-13,417750,Pledged,,,,,
COLL007091,L007091,Vehicle,552916.67,2022-12-14,469979.17,Liquidated,2025-05-03,2025-06-15,328515.21,16382.67,312132.54
COLL007126,L007126,Business Asset / Property,61111.11,2022-12-17,61111.11,Pledged,,,,,
COLL007130,L007130,Business Asset / Property,372564.1,2022-12-17,316679.49,Liquidated,2023-12-27,2024-02-08,226878.46,7586.53,219291.93
COLL007133,L007133,Business Asset / Property,237415.73,2022-12-17,237415.73,Pledged,,,,,
COLL007140,L007140,Business Asset / Property,212948.72,2022-12-17,212948.72,Pledged,,,,,
COLL007143,L007143,Business Asset / Property,121600,2026-03-17,121600,Pledged,,,,,
COLL007145,L007145,Business Asset / Property,141976.74,2023-03-18,141976.74,Pledged,,,,,
COLL007154,L007154,Vehicle,318850.57,2022-12-18,318850.57,Pledged,,,,,
COLL007155,L007155,Vehicle,305696.2,2022-12-19,305696.2,Pledged,,,,,
COLL007158,L007158,Business Asset / Property,525616.44,2022-12-19,446773.97,Liquidated,2024-05-28,2024-06-19,315674.85,23084.2,292590.65
COLL007175,L007175,Business Asset / Property,166486.49,2024-05-20,166486.49,Pledged,,,,,
COLL007180,L007180,Vehicle,339534.88,2022-12-21,288604.65,Liquidated,2025-06-07,2025-06-23,283977.01,9525.7,274451.31
COLL007195,L007195,Business Asset / Property,203666.67,2022-12-22,203666.67,Pledged,,,,,
COLL007202,L007202,Vehicle,528481.01,2022-12-23,528481.01,Pledged,,,,,
COLL007264,L007264,Business Asset / Property,85000,2022-12-28,85000,Pledged,,,,,
COLL007302,L007302,Vehicle,238684.21,2023-01-02,238684.21,Pledged,,,,,
COLL007314,L007314,Business Asset / Property,282386.36,2023-01-03,282386.36,Pledged,,,,,
COLL007328,L007328,Business Asset / Property,133255.81,2023-01-04,133255.81,Pledged,,,,,
COLL007333,L007333,Vehicle,394520.55,2023-01-04,394520.55,Pledged,,,,,
COLL007366,L007366,Vehicle,447530.86,2023-01-07,447530.86,Pledged,,,,,
COLL007371,L007371,Business Asset / Property,289615.38,2023-01-07,289615.38,Released,,,,,
COLL007374,L007374,Vehicle,401267.61,2023-01-08,341077.47,Liquidated,2026-01-25,2026-03-06,291515.47,11844.09,279671.38
COLL007383,L007383,Vehicle,571645.57,2023-01-08,571645.57,Released,,,,,
COLL007386,L007386,Vehicle,530555.56,2023-01-09,450972.23,Liquidated,2026-02-27,2026-04-05,440767.53,31091.86,409675.67
COLL007391,L007391,Vehicle,450930.23,2023-01-09,450930.23,Pledged,,,,,
COLL007393,L007393,Vehicle,448194.44,2023-01-09,448194.44,Pledged,,,,,
COLL007401,L007401,Business Asset / Property,131785.71,2023-11-09,131785.71,Pledged,,,,,
COLL007402,L007402,Business Asset / Property,184117.65,2023-01-10,184117.65,Released,,,,,
COLL007415,L007415,Vehicle,237954.55,2023-01-11,237954.55,Pledged,,,,,
COLL007419,L007419,Vehicle,289493.67,2023-01-11,289493.67,Pledged,,,,,
COLL007441,L007441,Business Asset / Property,202409.64,2023-01-13,202409.64,Pledged,,,,,
COLL007464,L007464,Business Asset / Property,184024.39,2023-01-15,184024.39,Pledged,,,,,
COLL007490,L007490,Vehicle,471234.57,2025-11-17,471234.57,Pledged,,,,,
COLL007495,L007495,Vehicle,265066.67,2026-02-17,265066.67,Pledged,,,,,
COLL007509,L007509,Business Asset / Property,458571.43,2023-01-19,458571.43,Released,,,,,
COLL007577,L007577,Vehicle,1043253.01,2023-01-24,1043253.01,Pledged,,,,,
COLL007596,L007596,Vehicle,193529.41,2023-01-25,193529.41,Pledged,,,,,
COLL007598,L007598,Business Asset / Property,557976.19,2023-01-25,557976.19,Released,,,,,
COLL007616,L007616,Vehicle,1416538.46,2023-01-27,1204057.69,Liquidated,2025-01-03,2025-02-11,969245.21,32976.69,936268.52
COLL007617,L007617,Vehicle,372328.77,2023-01-27,316479.45,Liquidated,2025-01-14,2025-02-03,246280.81,16084.75,230196.06
COLL007631,L007631,Vehicle,740795.45,2023-01-28,740795.45,Released,,,,,
COLL007661,L007661,Business Asset / Property,405454.55,2023-01-30,405454.55,Pledged,,,,,
COLL007666,L007666,Vehicle,991267.61,2023-01-31,991267.61,Pledged,,,,,
COLL007674,L007674,Vehicle,385454.55,2023-02-01,385454.55,Pledged,,,,,
COLL007677,L007677,Vehicle,284788.73,2023-02-01,284788.73,Pledged,,,,,
COLL007681,L007681,Business Asset / Property,108378.38,2023-02-02,108378.38,Pledged,,,,,
COLL007722,L007722,Vehicle,422763.16,2023-02-06,359348.69,Liquidated,2023-08-25,2023-10-08,324211.08,20855.94,303355.14
COLL007731,L007731,Business Asset / Property,89506.17,2023-02-07,89506.17,Pledged,,,,,
COLL007748,L007748,Business Asset / Property,96309.52,2023-02-09,96309.52,Pledged,,,,,
COLL007757,L007757,Vehicle,208157.89,2023-02-10,208157.89,Pledged,,,,,
COLL007767,L007767,Vehicle,253863.64,2023-02-11,253863.64,Pledged,,,,,
COLL007780,L007780,Business Asset / Property,960930.23,2023-02-12,960930.23,Pledged,,,,,
COLL007819,L007819,Vehicle,228977.27,2023-02-17,228977.27,Pledged,,,,,
COLL007832,L007832,Business Asset / Property,620400,2023-02-18,527340,Liquidated,2024-03-04,2024-04-01,395124.46,27442.33,367682.13
COLL007833,L007833,Business Asset / Property,111666.67,2023-02-18,111666.67,Pledged,,,,,
COLL007837,L007837,Business Asset / Property,623098.59,2023-02-18,623098.59,Pledged,,,,,
COLL007838,L007838,Vehicle,179213.48,2023-02-18,179213.48,Pledged,,,,,
COLL007870,L007870,Business Asset / Property,126781.61,2023-02-21,126781.61,Released,,,,,
COLL007878,L007878,Business Asset / Property,234382.02,2023-02-22,234382.02,Pledged,,,,,
COLL007879,L007879,Vehicle,592531.65,2023-02-22,592531.65,Pledged,,,,,
COLL007903,L007903,Vehicle,243720.93,2023-02-25,243720.93,Released,,,,,
COLL007904,L007904,Business Asset / Property,127702.7,2023-02-25,108547.3,Liquidated,2023-10-14,2023-11-23,106907.93,7540.54,99367.39
COLL007911,L007911,Business Asset / Property,191025.64,2023-02-26,191025.64,Pledged,,,,,
COLL007915,L007915,Vehicle,299350.65,2023-02-26,299350.65,Pledged,,,,,
COLL007968,L007968,Vehicle,456463.41,2023-03-04,456463.41,Released,,,,,
COLL007981,L007981,Vehicle,535974.03,2023-03-05,535974.03,Pledged,,,,,
COLL007985,L007985,Vehicle,245833.33,2023-03-05,245833.33,Pledged,,,,,
COLL007998,L007998,Business Asset / Property,747283.95,2023-03-06,747283.95,Pledged,,,,,
COLL008000,L008000,Business Asset / Property,298873.24,2023-03-06,298873.24,Pledged,,,,,
COLL008009,L008009,Business Asset / Property,67023.81,2023-03-07,67023.81,Pledged,,,,,
COLL008018,L008018,Vehicle,239230.77,2026-02-07,239230.77,Pledged,,,,,
COLL008022,L008022,Vehicle,302750,2024-10-07,302750,Pledged,,,,,
COLL008024,L008024,Vehicle,241842.11,2023-03-08,205565.79,Liquidated,2023-08-21,2023-09-27,173229.35,8429.68,164799.67
COLL008036,L008036,Vehicle,282666.67,2023-03-08,282666.67,Pledged,,,,,
COLL008044,L008044,Vehicle,539887.64,2023-03-10,458904.49,Liquidated,2025-05-29,2025-06-24,458629.13,34928.33,423700.8
COLL008046,L008046,Vehicle,366027.4,2023-03-10,311123.29,Liquidated,2024-04-15,2024-05-29,231865.39,12024.98,219840.41
COLL008047,L008047,Vehicle,361466.67,2023-03-10,307246.67,Liquidated,2023-12-17,2024-01-20,303271.4,15389.45,287881.95
COLL008052,L008052,Business Asset / Property,228169.01,2023-03-11,228169.01,Pledged,,,,,
COLL008064,L008064,Vehicle,228571.43,2024-12-12,228571.43,Released,,,,,
COLL008066,L008066,Business Asset / Property,385662.65,2023-03-12,327813.25,Liquidated,2023-08-26,2023-10-06,242605.04,13753.34,228851.7
COLL008074,L008074,Vehicle,289493.67,2023-03-13,289493.67,Pledged,,,,,
COLL008096,L008096,Business Asset / Property,133797.47,2023-03-15,133797.47,Pledged,,,,,
COLL008099,L008099,Business Asset / Property,187727.27,2023-03-16,187727.27,Released,,,,,
COLL008126,L008126,Business Asset / Property,365172.41,2023-03-18,365172.41,Pledged,,,,,
COLL008132,L008132,Vehicle,336265.06,2023-03-18,336265.06,Pledged,,,,,
COLL008148,L008148,Vehicle,463194.44,2023-03-20,463194.44,Pledged,,,,,
COLL008150,L008150,Vehicle,492957.75,2023-03-20,492957.75,Pledged,,,,,
COLL008163,L008163,Vehicle,345517.24,2023-03-22,345517.24,Released,,,,,
COLL008218,L008218,Vehicle,228235.29,2023-03-27,228235.29,Pledged,,,,,
COLL008222,L008222,Vehicle,354800,2023-03-28,354800,Pledged,,,,,
COLL008225,L008225,Business Asset / Property,136265.06,2023-03-28,115825.3,Liquidated,2024-12-09,2025-01-03,103962.01,5028.24,98933.77
COLL008228,L008228,Vehicle,255070.42,2023-03-28,255070.42,Pledged,,,,,
COLL008261,L008261,Vehicle,314216.87,2023-04-01,314216.87,Pledged,,,,,
COLL008296,L008296,Business Asset / Property,533866.67,2023-04-04,533866.67,Released,,,,,
COLL008299,L008299,Vehicle,211428.57,2023-04-04,179714.28,Liquidated,2023-08-20,2023-09-21,151761.82,9811.49,141950.33
COLL008302,L008302,Vehicle,309220.78,2023-04-05,309220.78,Pledged,,,,,
COLL008303,L008303,Vehicle,850000,2023-04-05,722500,Liquidated,2023-07-13,2023-07-28,624094.72,33115.97,590978.75
COLL008313,L008313,Business Asset / Property,134794.52,2023-04-06,134794.52,Pledged,,,,,
COLL008335,L008335,Business Asset / Property,833698.63,2023-04-08,833698.63,Pledged,,,,,
COLL008339,L008339,Business Asset / Property,140138.89,2023-04-09,140138.89,Pledged,,,,,
COLL008352,L008352,Business Asset / Property,76172.84,2023-04-10,76172.84,Pledged,,,,,
COLL008369,L008369,Vehicle,545238.1,2023-04-12,545238.1,Pledged,,,,,
COLL008395,L008395,Vehicle,629746.84,2023-04-15,629746.84,Released,,,,,
COLL008400,L008400,Business Asset / Property,115512.82,2025-04-15,98185.9,Liquidated,2025-07-20,2025-08-28,85039.44,3010.09,82029.35
COLL008402,L008402,Vehicle,305517.24,2023-04-15,305517.24,Pledged,,,,,
COLL008417,L008417,Business Asset / Property,120857.14,2023-04-17,120857.14,Released,,,,,
COLL008420,L008420,Business Asset / Property,546404.49,2023-04-18,546404.49,Pledged,,,,,
COLL008424,L008424,Vehicle,229090.91,2023-04-18,229090.91,Pledged,,,,,
COLL008429,L008429,Business Asset / Property,143947.37,2023-04-19,143947.37,Pledged,,,,,
COLL008434,L008434,Vehicle,225000,2023-04-19,191250,Liquidated,2024-09-25,2024-10-19,158732.45,8530.12,150202.33
COLL008436,L008436,Vehicle,427972.97,2023-04-19,427972.97,Pledged,,,,,
COLL008439,L008439,Business Asset / Property,104090.91,2023-04-19,104090.91,Pledged,,,,,
COLL008441,L008441,Vehicle,347407.41,2023-04-20,347407.41,Pledged,,,,,
COLL008444,L008444,Business Asset / Property,593750,2023-04-20,593750,Pledged,,,,,
COLL008453,L008453,Vehicle,337361.11,2023-04-22,337361.11,Pledged,,,,,
COLL008468,L008468,Vehicle,554383.56,2023-10-22,554383.56,Pledged,,,,,
COLL008470,L008470,Business Asset / Property,991756.76,2023-04-23,991756.76,Pledged,,,,,
COLL008471,L008471,Vehicle,306046.51,2023-04-23,306046.51,Pledged,,,,,
COLL008483,L008483,Vehicle,325526.32,2023-04-24,325526.32,Pledged,,,,,
COLL008506,L008506,Business Asset / Property,339659.09,2023-04-26,339659.09,Pledged,,,,,
COLL008525,L008525,Business Asset / Property,654719.1,2023-07-29,556511.24,Liquidated,2023-10-04,2023-11-17,524143.05,16660.19,507482.86
COLL008538,L008538,Business Asset / Property,355975.61,2023-04-30,355975.61,Pledged,,,,,
COLL008567,L008567,Business Asset / Property,508089.89,2023-05-03,508089.89,Pledged,,,,,
COLL008608,L008608,Vehicle,201724.14,2025-01-06,201724.14,Pledged,,,,,
COLL008646,L008646,Business Asset / Property,167500,2023-05-10,167500,Pledged,,,,,
COLL008664,L008664,Business Asset / Property,118227.85,2023-05-11,118227.85,Pledged,,,,,
COLL008676,L008676,Vehicle,1132500,2023-05-13,1132500,Released,,,,,
COLL008680,L008680,Business Asset / Property,87000,2023-05-14,87000,Pledged,,,,,
COLL008694,L008694,Vehicle,482441.86,2023-05-15,482441.86,Pledged,,,,,
COLL008699,L008699,Vehicle,214250,2023-05-15,214250,Pledged,,,,,
COLL008755,L008755,Business Asset / Property,169294.12,2023-05-22,169294.12,Pledged,,,,,
COLL008756,L008756,Business Asset / Property,74666.67,2023-05-22,74666.67,Pledged,,,,,
COLL008758,L008758,Vehicle,331052.63,2023-05-23,331052.63,Pledged,,,,,
COLL008781,L008781,Business Asset / Property,521927.71,2023-05-26,521927.71,Pledged,,,,,
COLL008785,L008785,Business Asset / Property,69047.62,2025-10-26,69047.62,Pledged,,,,,
COLL008797,L008797,Vehicle,538783.78,2023-05-28,457966.21,Liquidated,2025-06-08,2025-07-03,332464.12,24891.11,307573.01
COLL008815,L008815,Business Asset / Property,90571.43,2023-05-29,76985.72,Liquidated,2024-02-12,2024-03-27,56005.29,2264.31,53740.98
COLL008820,L008820,Vehicle,516756.76,2023-07-30,516756.76,Pledged,,,,,
COLL008824,L008824,Business Asset / Property,131666.67,2023-05-30,131666.67,Pledged,,,,,
COLL008826,L008826,Vehicle,189775.28,2023-05-31,189775.28,Pledged,,,,,
COLL008829,L008829,Vehicle,346363.64,2023-05-31,346363.64,Pledged,,,,,
COLL008830,L008830,Business Asset / Property,276744.19,2025-06-30,276744.19,Pledged,,,,,
COLL008841,L008841,Business Asset / Property,129078.95,2023-06-01,129078.95,Pledged,,,,,
COLL008880,L008880,Vehicle,221954.02,2023-06-05,221954.02,Pledged,,,,,
COLL008891,L008891,Vehicle,424788.73,2023-06-07,424788.73,Pledged,,,,,
COLL008912,L008912,Business Asset / Property,289740.26,2023-06-09,289740.26,Pledged,,,,,
COLL008925,L008925,Vehicle,323513.51,2023-06-10,323513.51,Pledged,,,,,
COLL008934,L008934,Vehicle,293461.54,2023-06-11,293461.54,Pledged,,,,,
COLL008935,L008935,Vehicle,599066.67,2023-06-11,599066.67,Pledged,,,,,
COLL008941,L008941,Vehicle,237500,2023-06-12,237500,Pledged,,,,,
COLL008958,L008958,Vehicle,493292.68,2023-06-14,493292.68,Released,,,,,
COLL008964,L008964,Business Asset / Property,112432.43,2023-06-15,112432.43,Pledged,,,,,
COLL008971,L008971,Vehicle,370714.29,2025-06-16,370714.29,Pledged,,,,,
COLL008979,L008979,Vehicle,557142.86,2024-09-16,557142.86,Pledged,,,,,
COLL008987,L008987,Business Asset / Property,322911.39,2023-06-17,322911.39,Released,,,,,
COLL008998,L008998,Vehicle,440595.24,2023-06-18,440595.24,Pledged,,,,,
COLL009020,L009020,Business Asset / Property,197752.81,2023-06-21,197752.81,Pledged,,,,,
COLL009026,L009026,Vehicle,244666.67,2023-06-21,244666.67,Pledged,,,,,
COLL009053,L009053,Vehicle,817500,2024-03-25,817500,Pledged,,,,,
COLL009058,L009058,Business Asset / Property,182250,2023-06-25,182250,Pledged,,,,,
COLL009066,L009066,Vehicle,203604.65,2024-10-26,203604.65,Pledged,,,,,
COLL009095,L009095,Vehicle,685949.37,2023-06-29,685949.37,Pledged,,,,,
COLL009097,L009097,Business Asset / Property,68333.33,2023-06-30,68333.33,Pledged,,,,,
COLL009100,L009100,Vehicle,334675.32,2023-06-30,334675.32,Pledged,,,,,
COLL009112,L009112,Vehicle,462763.16,2023-07-02,462763.16,Pledged,,,,,
COLL009119,L009119,Vehicle,316235.29,2023-07-03,316235.29,Pledged,,,,,
COLL009122,L009122,Business Asset / Property,61882.35,2023-07-03,61882.35,Pledged,,,,,
COLL009137,L009137,Vehicle,319750,2023-07-06,319750,Pledged,,,,,
COLL009149,L009149,Vehicle,208505.75,2023-07-07,208505.75,Released,,,,,
COLL009162,L009162,Vehicle,200000,2023-07-08,170000,Liquidated,2024-03-17,2024-04-25,154545.55,7424.69,147120.86
COLL009169,L009169,Vehicle,282435.9,2023-07-10,282435.9,Pledged,,,,,
COLL009223,L009223,Vehicle,531927.71,2023-07-18,531927.71,Pledged,,,,,
COLL009224,L009224,Business Asset / Property,232298.85,2024-02-18,232298.85,Released,,,,,
COLL009225,L009225,Business Asset / Property,347159.09,2023-07-18,347159.09,Pledged,,,,,
COLL009240,L009240,Business Asset / Property,68333.33,2023-07-20,68333.33,Pledged,,,,,
COLL009263,L009263,Business Asset / Property,390886.08,2023-07-23,332253.17,Liquidated,2023-11-12,2023-12-13,233026.03,15593.31,217432.72
COLL009281,L009281,Vehicle,1123000,2023-07-25,1123000,Pledged,,,,,
COLL009286,L009286,Business Asset / Property,1061136.36,2023-07-26,901965.91,Liquidated,2025-03-09,2025-03-27,607700.34,23747.19,583953.15
COLL009296,L009296,Vehicle,292988.51,2023-07-28,292988.51,Pledged,,,,,
COLL009310,L009310,Vehicle,1588227.85,2023-07-30,1588227.85,Pledged,,,,,
COLL009337,L009337,Vehicle,418352.94,2023-08-02,418352.94,Pledged,,,,,
COLL009339,L009339,Vehicle,254400,2023-08-02,254400,Pledged,,,,,
COLL009342,L009342,Business Asset / Property,361111.11,2023-08-02,361111.11,Pledged,,,,,
COLL009361,L009361,Vehicle,614756.1,2024-08-05,614756.1,Pledged,,,,,
COLL009373,L009373,Vehicle,210000,2023-08-06,210000,Pledged,,,,,
COLL009413,L009413,Vehicle,265365.85,2024-07-11,225560.97,Liquidated,2025-07-29,2025-08-28,213696.73,10732.52,202964.21
COLL009435,L009435,Vehicle,358205.13,2023-08-15,358205.13,Pledged,,,,,
COLL009438,L009438,Vehicle,615517.24,2023-08-15,615517.24,Pledged,,,,,
COLL009450,L009450,Business Asset / Property,679375,2025-09-17,679375,Pledged,,,,,
COLL009456,L009456,Vehicle,489125,2023-08-18,415756.25,Liquidated,2024-07-05,2024-07-22,281506.78,18131.81,263374.97
COLL009463,L009463,Business Asset / Property,115555.56,2023-08-19,115555.56,Pledged,,,,,
COLL009479,L009479,Business Asset / Property,205777.78,2023-08-22,205777.78,Pledged,,,,,
COLL009493,L009493,Business Asset / Property,130547.95,2023-08-24,130547.95,Pledged,,,,,
COLL009499,L009499,Vehicle,1067887.32,2024-04-24,1067887.32,Pledged,,,,,
COLL009512,L009512,Vehicle,354719.1,2023-08-26,354719.1,Released,,,,,
COLL009537,L009537,Business Asset / Property,177241.38,2023-08-29,177241.38,Pledged,,,,,
COLL009547,L009547,Vehicle,297831.33,2023-09-30,297831.33,Pledged,,,,,
COLL009552,L009552,Vehicle,305633.8,2023-08-31,259788.73,Liquidated,2024-02-10,2024-03-14,196447.14,6365.16,190081.98
COLL009554,L009554,Business Asset / Property,204137.93,2023-08-31,173517.24,Liquidated,2023-11-04,2023-12-07,114155.28,5295.94,108859.34
COLL009565,L009565,Business Asset / Property,200555.56,2023-09-01,200555.56,Pledged,,,,,
COLL009617,L009617,Vehicle,425454.55,2023-09-07,425454.55,Pledged,,,,,
COLL009626,L009626,Vehicle,836363.64,2023-09-09,836363.64,Pledged,,,,,
COLL009628,L009628,Vehicle,311975.31,2023-09-09,311975.31,Pledged,,,,,
COLL009634,L009634,Business Asset / Property,550952.38,2023-09-11,468309.52,Liquidated,2025-09-29,2025-10-24,339432.11,25371.37,314060.74
COLL009643,L009643,Vehicle,176966.29,2025-07-11,176966.29,Pledged,,,,,
COLL009693,L009693,Vehicle,278309.86,2023-09-16,278309.86,Pledged,,,,,
COLL009695,L009695,Vehicle,236987.95,2023-09-16,236987.95,Pledged,,,,,
COLL009701,L009701,Vehicle,1177123.29,2025-04-17,1177123.29,Pledged,,,,,
COLL009723,L009723,Business Asset / Property,341888.89,2025-05-19,341888.89,Pledged,,,,,
COLL009771,L009771,Vehicle,622666.67,2023-09-24,622666.67,Pledged,,,,,
COLL009778,L009778,Business Asset / Property,882285.71,2023-09-24,749942.85,Liquidated,2024-07-03,2024-07-24,717559.22,51531.56,666027.66
COLL009796,L009796,Business Asset / Property,828533.33,2023-09-27,828533.33,Pledged,,,,,
COLL009801,L009801,Vehicle,561034.48,2023-09-27,561034.48,Pledged,,,,,
COLL009809,L009809,Business Asset / Property,294044.94,2023-09-28,294044.94,Released,,,,,
COLL009812,L009812,Vehicle,495517.24,2023-09-28,421189.65,Liquidated,2025-04-07,2025-05-18,399089.87,25384.4,373705.47
COLL009830,L009830,Business Asset / Property,127083.33,2023-09-29,127083.33,Pledged,,,,,
COLL009838,L009838,Business Asset / Property,151923.08,2023-09-30,151923.08,Pledged,,,,,
COLL009839,L009839,Business Asset / Property,76385.54,2023-09-30,76385.54,Pledged,,,,,
COLL009889,L009889,Vehicle,247613.64,2023-10-05,247613.64,Pledged,,,,,
COLL009893,L009893,Business Asset / Property,463750,2025-04-05,463750,Pledged,,,,,
COLL009895,L009895,Business Asset / Property,387790.7,2023-10-05,387790.7,Pledged,,,,,
COLL009903,L009903,Vehicle,604523.81,2023-10-05,604523.81,Pledged,,,,,
COLL009916,L009916,Business Asset / Property,124285.71,2023-10-07,124285.71,Pledged,,,,,
COLL009942,L009942,Vehicle,291714.29,2023-10-09,291714.29,Pledged,,,,,
COLL009955,L009955,Vehicle,564459.46,2023-10-11,479790.54,Liquidated,2023-12-26,2024-01-20,334799.16,16270.61,318528.55
COLL009972,L009972,Vehicle,652875,2023-10-12,652875,Released,,,,,
COLL009973,L009973,Vehicle,587261.9,2023-10-12,587261.9,Pledged,,,,,
COLL009975,L009975,Vehicle,174022.99,2023-10-12,174022.99,Pledged,,,,,
COLL010009,L010009,Business Asset / Property,189647.06,2023-10-16,189647.06,Pledged,,,,,
COLL010010,L010010,Business Asset / Property,274941.18,2023-10-16,274941.18,Pledged,,,,,
COLL010016,L010016,Vehicle,319873.42,2023-10-16,271892.41,Liquidated,2024-04-23,2024-05-22,271701.65,10117.54,261584.11
COLL010022,L010022,Vehicle,216626.51,2025-10-16,216626.51,Pledged,,,,,
COLL010029,L010029,Business Asset / Property,225862.07,2023-10-17,225862.07,Pledged,,,,,
COLL010087,L010087,Vehicle,429620.25,2023-10-22,429620.25,Pledged,,,,,
COLL010111,L010111,Business Asset / Property,551785.71,2023-10-24,551785.71,Pledged,,,,,
COLL010134,L010134,Vehicle,226527.78,2025-08-26,226527.78,Pledged,,,,,
COLL010137,L010137,Business Asset / Property,718522.73,2023-10-27,610744.32,Liquidated,2024-05-14,2024-06-16,553120.22,36031.12,517089.1
COLL010142,L010142,Business Asset / Property,428441.56,2023-10-27,428441.56,Pledged,,,,,
COLL010144,L010144,Vehicle,546931.82,2023-10-28,546931.82,Pledged,,,,,
COLL010177,L010177,Business Asset / Property,81000,2023-10-31,68850,Liquidated,2024-05-07,2024-06-19,55568.83,2524.95,53043.88
COLL010191,L010191,Business Asset / Property,129733.33,2023-11-01,129733.33,Released,,,,,
COLL010198,L010198,Business Asset / Property,179473.68,2023-11-02,179473.68,Pledged,,,,,
COLL010213,L010213,Business Asset / Property,218933.33,2023-11-04,186093.33,Liquidated,2025-12-21,2026-01-07,152323.26,9782.18,142541.08
COLL010232,L010232,Vehicle,696428.57,2024-01-06,696428.57,Pledged,,,,,
COLL010273,L010273,Business Asset / Property,69078.95,2025-07-10,69078.95,Pledged,,,,,
COLL010291,L010291,Business Asset / Property,729615.38,2023-11-12,729615.38,Pledged,,,,,
COLL010293,L010293,Vehicle,405280.9,2023-11-12,405280.9,Pledged,,,,,
COLL010299,L010299,Business Asset / Property,2282876.71,2023-11-12,2282876.71,Released,,,,,
COLL010328,L010328,Business Asset / Property,391267.61,2023-11-15,391267.61,Pledged,,,,,
COLL010334,L010334,Vehicle,450714.29,2023-11-16,450714.29,Pledged,,,,,
COLL010354,L010354,Business Asset / Property,678072.29,2023-11-18,678072.29,Pledged,,,,,
COLL010355,L010355,Business Asset / Property,102285.71,2023-11-18,102285.71,Pledged,,,,,
COLL010366,L010366,Business Asset / Property,207558.14,2023-11-19,207558.14,Pledged,,,,,
COLL010379,L010379,Business Asset / Property,441951.22,2023-11-20,441951.22,Pledged,,,,,
COLL010386,L010386,Business Asset / Property,173023.26,2023-11-20,147069.77,Liquidated,2024-03-02,2024-03-24,114000.79,3673.18,110327.61
COLL010393,L010393,Business Asset / Property,162933.33,2023-11-21,162933.33,Pledged,,,,,
COLL010403,L010403,Vehicle,266216.22,2023-11-22,266216.22,Pledged,,,,,
COLL010407,L010407,Business Asset / Property,133809.52,2023-11-23,133809.52,Pledged,,,,,
COLL010436,L010436,Vehicle,950000,2025-03-25,807500,Liquidated,2025-07-30,2025-09-04,590305.53,37846.73,552458.8
COLL010464,L010464,Vehicle,338000,2023-11-27,338000,Pledged,,,,,
COLL010475,L010475,Vehicle,888513.51,2023-11-28,888513.51,Pledged,,,,,
COLL010479,L010479,Business Asset / Property,76493.51,2023-11-28,76493.51,Pledged,,,,,
COLL010485,L010485,Vehicle,572253.52,2023-11-29,572253.52,Pledged,,,,,
COLL010488,L010488,Business Asset / Property,537000,2023-11-29,537000,Pledged,,,,,
COLL010499,L010499,Business Asset / Property,74303.8,2023-11-30,74303.8,Pledged,,,,,
COLL010528,L010528,Business Asset / Property,258505.75,2023-12-02,258505.75,Pledged,,,,,
COLL010535,L010535,Business Asset / Property,169024.39,2023-12-02,169024.39,Pledged,,,,,
COLL010591,L010591,Vehicle,280897.44,2023-12-07,280897.44,Pledged,,,,,
COLL010608,L010608,Business Asset / Property,106292.13,2024-07-08,106292.13,Pledged,,,,,
COLL010619,L010619,Business Asset / Property,645697.67,2023-12-09,548843.02,Liquidated,2025-02-17,2025-03-28,359006.72,24969.39,334037.33
COLL010634,L010634,Business Asset / Property,467906.98,2023-12-10,467906.98,Released,,,,,
COLL010645,L010645,Vehicle,417333.33,2024-07-11,417333.33,Pledged,,,,,
COLL010649,L010649,Business Asset / Property,212142.86,2023-12-11,212142.86,Released,,,,,
COLL010653,L010653,Vehicle,645342.47,2026-02-12,645342.47,Pledged,,,,,
COLL010694,L010694,Business Asset / Property,168611.11,2024-02-15,168611.11,Pledged,,,,,
COLL010697,L010697,Vehicle,688620.69,2023-12-16,585327.59,Liquidated,2024-07-23,2024-08-26,544645.56,36919.3,507726.26
COLL010705,L010705,Business Asset / Property,222297.3,2023-12-16,222297.3,Released,,,,,
COLL010743,L010743,Vehicle,257792.21,2023-12-19,257792.21,Pledged,,,,,
COLL010766,L010766,Vehicle,895903.61,2023-12-22,895903.61,Pledged,,,,,
COLL010782,L010782,Business Asset / Property,113614.46,2023-12-23,113614.46,Pledged,,,,,
COLL010788,L010788,Vehicle,1145733.33,2024-12-23,1145733.33,Pledged,,,,,
COLL010796,L010796,Vehicle,501590.91,2023-12-24,501590.91,Pledged,,,,,
COLL010803,L010803,Business Asset / Property,280394.74,2023-12-25,280394.74,Released,,,,,
COLL010815,L010815,Vehicle,260909.09,2023-12-25,221772.73,Liquidated,2024-09-12,2024-10-10,178345.32,8631.57,169713.75
COLL010823,L010823,Vehicle,475694.44,2023-12-26,475694.44,Pledged,,,,,
COLL010837,L010837,Business Asset / Property,107619.05,2023-12-28,107619.05,Pledged,,,,,
COLL010841,L010841,Business Asset / Property,670941.18,2023-12-28,570300,Liquidated,2024-03-12,2024-04-24,435757.09,17069.33,418687.76
COLL010852,L010852,Business Asset / Property,427500,2024-06-29,427500,Pledged,,,,,
COLL010857,L010857,Business Asset / Property,141392.41,2023-12-29,141392.41,Pledged,,,,,
COLL010865,L010865,Vehicle,356315.79,2023-12-30,356315.79,Released,,,,,
COLL010878,L010878,Vehicle,194177.22,2023-12-31,165050.64,Liquidated,2024-10-05,2024-11-13,159278.88,8668.15,150610.73
COLL010885,L010885,Vehicle,237671.23,2023-12-31,237671.23,Pledged,,,,,
COLL010886,L010886,Business Asset / Property,93116.88,2023-12-31,93116.88,Pledged,,,,,
COLL010893,L010893,Vehicle,715000,2024-01-01,607750,Liquidated,2025-01-17,2025-02-06,464764.62,24138.12,440626.5
COLL010926,L010926,Business Asset / Property,913170.73,2025-09-04,913170.73,Released,,,,,
COLL010951,L010951,Vehicle,252837.84,2024-01-07,252837.84,Pledged,,,,,
COLL010953,L010953,Vehicle,207972.97,2024-01-07,207972.97,Pledged,,,,,
COLL010964,L010964,Vehicle,579638.55,2024-01-08,579638.55,Pledged,,,,,
COLL011027,L011027,Vehicle,256338.03,2024-01-14,256338.03,Released,,,,,
COLL011036,L011036,Business Asset / Property,426266.67,2024-01-15,426266.67,Pledged,,,,,
COLL011063,L011063,Business Asset / Property,173625,2024-01-18,173625,Pledged,,,,,
COLL011070,L011070,Vehicle,589772.73,2024-01-18,589772.73,Pledged,,,,,
COLL011074,L011074,Vehicle,884266.67,2024-01-18,884266.67,Pledged,,,,,
COLL011076,L011076,Business Asset / Property,252400,2024-01-19,252400,Pledged,,,,,
COLL011079,L011079,Vehicle,315657.89,2024-01-19,315657.89,Pledged,,,,,
COLL011084,L011084,Vehicle,983614.46,2024-01-20,983614.46,Pledged,,,,,
COLL011086,L011086,Vehicle,318481.01,2024-01-20,318481.01,Pledged,,,,,
COLL011104,L011104,Business Asset / Property,130813.95,2024-01-21,130813.95,Pledged,,,,,
COLL011120,L011120,Vehicle,210574.71,2024-01-23,210574.71,Released,,,,,
COLL011140,L011140,Vehicle,235324.68,2024-01-24,235324.68,Pledged,,,,,
COLL011153,L011153,Business Asset / Property,355774.65,2024-01-26,355774.65,Pledged,,,,,
COLL011157,L011157,Vehicle,385000,2024-01-26,385000,Pledged,,,,,
COLL011158,L011158,Vehicle,813896.1,2024-01-26,813896.1,Pledged,,,,,
COLL011188,L011188,Business Asset / Property,76582.28,2024-01-29,76582.28,Released,,,,,
COLL011205,L011205,Vehicle,1253472.22,2024-01-30,1253472.22,Pledged,,,,,
COLL011225,L011225,Business Asset / Property,210581.4,2024-01-31,210581.4,Pledged,,,,,
COLL011228,L011228,Vehicle,418795.18,2024-01-31,418795.18,Released,,,,,
COLL011236,L011236,Business Asset / Property,121333.33,2024-02-01,121333.33,Pledged,,,,,
COLL011250,L011250,Business Asset / Property,133139.53,2024-02-02,133139.53,Pledged,,,,,
COLL011258,L011258,Business Asset / Property,251379.31,2024-02-02,251379.31,Pledged,,,,,
COLL011259,L011259,Business Asset / Property,123561.64,2024-02-02,123561.64,Pledged,,,,,
COLL011268,L011268,Business Asset / Property,475679.01,2024-02-03,475679.01,Pledged,,,,,
COLL011284,L011284,Vehicle,635697.67,2024-07-05,635697.67,Pledged,,,,,
COLL011304,L011304,Vehicle,450919.54,2024-02-06,450919.54,Pledged,,,,,
COLL011309,L011309,Vehicle,261081.08,2024-02-07,261081.08,Pledged,,,,,
COLL011324,L011324,Business Asset / Property,257560.98,2024-02-08,257560.98,Pledged,,,,,
COLL011338,L011338,Vehicle,666585.37,2024-02-10,566597.56,Liquidated,2026-02-15,2026-03-05,564091.93,38113.41,525978.52
COLL011339,L011339,Vehicle,345625,2024-02-10,345625,Pledged,,,,,
COLL011349,L011349,Business Asset / Property,323132.53,2024-02-11,323132.53,Pledged,,,,,
COLL011359,L011359,Vehicle,275747.13,2024-02-12,275747.13,Released,,,,,
COLL011393,L011393,Business Asset / Property,109861.11,2024-03-15,93381.94,Liquidated,2025-03-26,2025-04-12,65834.08,2816.26,63017.82
COLL011403,L011403,Vehicle,325000,2025-04-16,325000,Pledged,,,,,
COLL011427,L011427,Business Asset / Property,79764.71,2024-02-18,79764.71,Pledged,,,,,
COLL011440,L011440,Vehicle,563766.23,2025-10-20,563766.23,Pledged,,,,,
COLL011452,L011452,Business Asset / Property,164500,2025-12-20,164500,Pledged,,,,,
COLL011463,L011463,Vehicle,286352.94,2024-02-22,286352.94,Pledged,,,,,
COLL011482,L011482,Vehicle,308139.53,2024-02-23,261918.6,Liquidated,2025-09-07,2025-10-02,238708.04,10240.05,228467.99
COLL011490,L011490,Business Asset / Property,692266.67,2024-02-24,692266.67,Pledged,,,,,
COLL011498,L011498,Vehicle,1895833.33,2024-02-25,1895833.33,Pledged,,,,,
COLL011524,L011524,Business Asset / Property,140277.78,2024-02-28,140277.78,Pledged,,,,,
COLL011562,L011562,Business Asset / Property,257307.69,2024-03-02,257307.69,Pledged,,,,,
COLL011570,L011570,Vehicle,556904.76,2024-03-03,556904.76,Released,,,,,
COLL011585,L011585,Business Asset / Property,381590.91,2024-03-04,381590.91,Pledged,,,,,
COLL011616,L011616,Business Asset / Property,158857.14,2024-03-07,158857.14,Pledged,,,,,
COLL011618,L011618,Business Asset / Property,239113.92,2024-03-07,239113.92,Pledged,,,,,
COLL011619,L011619,Business Asset / Property,178625,2024-03-07,178625,Pledged,,,,,
COLL011621,L011621,Vehicle,234044.94,2024-03-07,234044.94,Pledged,,,,,
COLL011631,L011631,Business Asset / Property,1108533.33,2024-03-08,1108533.33,Pledged,,,,,
COLL011643,L011643,Business Asset / Property,83797.47,2024-03-09,83797.47,Pledged,,,,,
COLL011661,L011661,Vehicle,199213.48,2024-03-11,199213.48,Pledged,,,,,
COLL011662,L011662,Business Asset / Property,275301.2,2024-03-11,275301.2,Pledged,,,,,
COLL011665,L011665,Business Asset / Property,338289.47,2024-03-11,338289.47,Pledged,,,,,
COLL011692,L011692,Business Asset / Property,89625,2024-03-14,89625,Pledged,,,,,
COLL011700,L011700,Vehicle,522530.12,2024-03-15,522530.12,Pledged,,,,,
COLL011702,L011702,Vehicle,666049.38,2024-03-15,666049.38,Pledged,,,,,
COLL011739,L011739,Business Asset / Property,240845.07,2024-03-17,204718.31,Liquidated,2024-11-03,2024-11-24,200025.2,13935.34,186089.86
COLL011741,L011741,Vehicle,298589.74,2024-11-17,298589.74,Pledged,,,,,
COLL011762,L011762,Vehicle,235394.74,2025-02-20,235394.74,Pledged,,,,,
COLL011763,L011763,Business Asset / Property,465903.61,2024-03-20,396018.07,Liquidated,2025-01-26,2025-03-06,344095.4,18654.08,325441.32
COLL011765,L011765,Business Asset / Property,94246.58,2024-03-20,94246.58,Pledged,,,,,
COLL011769,L011769,Vehicle,827105.26,2024-03-21,703039.47,Liquidated,2024-08-10,2024-08-30,621208.75,25115.52,596093.23
COLL011790,L011790,Vehicle,206046.51,2024-03-22,206046.51,Pledged,,,,,
COLL011801,L011801,Vehicle,267333.33,2024-03-23,227233.33,Liquidated,2025-03-07,2025-03-28,215209.88,15307.1,199902.78
COLL011803,L011803,Business Asset / Property,388493.15,2024-03-23,388493.15,Pledged,,,,,
COLL011804,L011804,Business Asset / Property,220833.33,2024-03-23,220833.33,Pledged,,,,,
COLL011805,L011805,Vehicle,206962.03,2024-03-23,206962.03,Released,,,,,
COLL011810,L011810,Vehicle,288461.54,2025-08-23,288461.54,Pledged,,,,,
COLL011811,L011811,Business Asset / Property,637631.58,2024-03-23,637631.58,Pledged,,,,,
COLL011830,L011830,Vehicle,441025.64,2024-03-25,441025.64,Pledged,,,,,
COLL011840,L011840,Vehicle,779195.4,2024-03-26,779195.4,Pledged,,,,,
COLL011847,L011847,Vehicle,710136.99,2024-03-26,710136.99,Pledged,,,,,
COLL011865,L011865,Vehicle,232911.39,2024-11-28,232911.39,Pledged,,,,,
COLL011866,L011866,Vehicle,478701.3,2024-03-28,478701.3,Pledged,,,,,
COLL011877,L011877,Vehicle,440000,2025-10-29,440000,Pledged,,,,,
COLL011880,L011880,Business Asset / Property,349662.92,2024-03-29,349662.92,Pledged,,,,,
COLL011901,L011901,Vehicle,330131.58,2024-03-31,280611.84,Liquidated,2024-06-09,2024-07-22,204320.2,14825.54,189494.66
COLL011909,L011909,Business Asset / Property,345466.67,2024-04-01,345466.67,Pledged,,,,,
COLL011942,L011942,Business Asset / Property,696164.38,2024-04-05,696164.38,Released,,,,,
COLL011953,L011953,Vehicle,254375,2024-04-06,254375,Pledged,,,,,
COLL011955,L011955,Vehicle,311566.27,2024-04-07,311566.27,Pledged,,,,,
COLL011963,L011963,Business Asset / Property,166666.67,2024-04-08,166666.67,Pledged,,,,,
COLL011986,L011986,Business Asset / Property,141315.79,2024-04-11,141315.79,Pledged,,,,,
COLL012008,L012008,Business Asset / Property,511022.73,2024-04-14,511022.73,Pledged,,,,,
COLL012009,L012009,Vehicle,482027.03,2024-04-14,482027.03,Released,,,,,
COLL012014,L012014,Vehicle,871724.14,2024-04-15,871724.14,Pledged,,,,,
COLL012033,L012033,Vehicle,304605.26,2024-04-17,304605.26,Pledged,,,,,
COLL012047,L012047,Vehicle,214337.35,2024-04-18,214337.35,Released,,,,,
COLL012057,L012057,Business Asset / Property,302584.27,2024-04-21,302584.27,Pledged,,,,,
COLL012061,L012061,Vehicle,263506.49,2024-04-21,263506.49,Pledged,,,,,
COLL012077,L012077,Vehicle,249382.72,2024-04-23,249382.72,Pledged,,,,,
COLL012082,L012082,Business Asset / Property,188666.67,2024-04-23,188666.67,Pledged,,,,,
COLL012086,L012086,Business Asset / Property,369090.91,2024-04-24,369090.91,Released,,,,,
COLL012104,L012104,Business Asset / Property,913246.75,2024-04-26,913246.75,Pledged,,,,,
COLL012111,L012111,Vehicle,317397.26,2024-04-26,317397.26,Pledged,,,,,
COLL012120,L012120,Business Asset / Property,503733.33,2024-04-27,503733.33,Pledged,,,,,
COLL012132,L012132,Vehicle,223820.22,2024-04-29,223820.22,Pledged,,,,,
COLL012147,L012147,Business Asset / Property,606216.22,2024-05-01,606216.22,Released,,,,,
COLL012149,L012149,Business Asset / Property,1176842.11,2024-05-01,1000315.79,Liquidated,2025-01-14,2025-02-13,938736.06,52998.9,885737.16
COLL012172,L012172,Vehicle,211971.83,2024-05-03,211971.83,Released,,,,,
COLL012178,L012178,Vehicle,225921.05,2024-05-04,225921.05,Pledged,,,,,
COLL012191,L012191,Business Asset / Property,241111.11,2024-05-05,241111.11,Pledged,,,,,
COLL012234,L012234,Business Asset / Property,324054.05,2024-05-10,324054.05,Pledged,,,,,
COLL012239,L012239,Vehicle,341126.76,2024-05-10,341126.76,Released,,,,,
COLL012288,L012288,Business Asset / Property,371285.71,2024-05-16,371285.71,Pledged,,,,,
COLL012290,L012290,Vehicle,215487.8,2024-05-16,215487.8,Pledged,,,,,
COLL012300,L012300,Vehicle,207974.68,2024-05-17,207974.68,Released,,,,,
COLL012380,L012380,Vehicle,594459.46,2024-05-27,594459.46,Pledged,,,,,
COLL012396,L012396,Vehicle,479545.45,2024-05-29,479545.45,Pledged,,,,,
COLL012417,L012417,Vehicle,218409.09,2025-08-30,218409.09,Pledged,,,,,
COLL012428,L012428,Vehicle,269655.17,2024-06-01,269655.17,Pledged,,,,,
COLL012434,L012434,Vehicle,292027.03,2024-06-02,292027.03,Pledged,,,,,
COLL012451,L012451,Business Asset / Property,131395.35,2024-06-03,131395.35,Pledged,,,,,
COLL012459,L012459,Vehicle,329879.52,2024-06-05,329879.52,Pledged,,,,,
COLL012473,L012473,Business Asset / Property,102739.73,2025-12-06,102739.73,Pledged,,,,,
COLL012511,L012511,Vehicle,214186.05,2026-03-11,214186.05,Pledged,,,,,
COLL012523,L012523,Vehicle,671428.57,2024-06-12,671428.57,Pledged,,,,,
COLL012531,L012531,Vehicle,701666.67,2024-06-13,701666.67,Pledged,,,,,
COLL012532,L012532,Business Asset / Property,129871.79,2024-06-13,129871.79,Pledged,,,,,
COLL012533,L012533,Vehicle,381511.63,2024-06-13,381511.63,Pledged,,,,,
COLL012570,L012570,Vehicle,681780.82,2024-06-17,681780.82,Pledged,,,,,
COLL012572,L012572,Vehicle,363116.88,2024-06-17,363116.88,Pledged,,,,,
COLL012593,L012593,Business Asset / Property,182894.74,2024-06-19,182894.74,Pledged,,,,,
COLL012612,L012612,Business Asset / Property,286329.11,2024-06-21,286329.11,Pledged,,,,,
COLL012619,L012619,Business Asset / Property,342470.59,2026-03-22,342470.59,Pledged,,,,,
COLL012643,L012643,Vehicle,322098.77,2024-06-25,322098.77,Pledged,,,,,
COLL012651,L012651,Vehicle,390512.82,2024-06-25,390512.82,Pledged,,,,,
COLL012665,L012665,Business Asset / Property,257837.84,2024-06-27,257837.84,Pledged,,,,,
COLL012666,L012666,Business Asset / Property,151460.67,2025-06-27,128741.57,Liquidated,2025-09-15,2025-10-27,120871.67,8283.91,112587.76
COLL012673,L012673,Vehicle,482714.29,2024-06-27,482714.29,Pledged,,,,,
COLL012682,L012682,Business Asset / Property,224457.83,2024-06-28,224457.83,Pledged,,,,,
COLL012683,L012683,Vehicle,230769.23,2024-06-28,230769.23,Pledged,,,,,
COLL012688,L012688,Business Asset / Property,285492.96,2024-06-29,285492.96,Pledged,,,,,
COLL012714,L012714,Business Asset / Property,472567.57,2024-07-02,472567.57,Released,,,,,
COLL012723,L012723,Business Asset / Property,561395.35,2024-07-03,561395.35,Pledged,,,,,
COLL012753,L012753,Vehicle,539375,2024-07-05,539375,Pledged,,,,,
COLL012756,L012756,Vehicle,270000,2024-07-06,270000,Pledged,,,,,
COLL012791,L012791,Vehicle,593750,2025-09-11,504687.5,Liquidated,2026-01-28,2026-03-02,497307.24,22486.89,474820.35
COLL012824,L012824,Vehicle,256712.33,2024-07-16,256712.33,Pledged,,,,,
COLL012858,L012858,Vehicle,673380.28,2024-07-20,673380.28,Pledged,,,,,
COLL012862,L012862,Business Asset / Property,426666.67,2024-07-20,426666.67,Pledged,,,,,
COLL012871,L012871,Business Asset / Property,498941.18,2024-07-22,424100,Liquidated,2025-05-28,2025-06-26,285372.87,20278.17,265094.7
COLL012884,L012884,Vehicle,376296.3,2024-07-25,376296.3,Pledged,,,,,
COLL012889,L012889,Business Asset / Property,72361.11,2024-07-25,72361.11,Pledged,,,,,
COLL012895,L012895,Business Asset / Property,201643.84,2024-07-25,201643.84,Pledged,,,,,
COLL012898,L012898,Vehicle,207837.84,2024-07-25,207837.84,Pledged,,,,,
COLL012899,L012899,Vehicle,476395.35,2024-07-25,476395.35,Pledged,,,,,
COLL012911,L012911,Business Asset / Property,178481.01,2024-07-27,151708.86,Liquidated,2024-12-07,2024-12-30,135494.75,6387.79,129106.96
COLL012914,L012914,Vehicle,260571.43,2024-11-27,260571.43,Pledged,,,,,
COLL012919,L012919,Vehicle,963733.33,2024-07-28,963733.33,Pledged,,,,,
COLL012920,L012920,Vehicle,230454.55,2024-07-28,230454.55,Released,,,,,
COLL012952,L012952,Business Asset / Property,560777.78,2024-08-02,476661.11,Liquidated,2024-10-22,2024-11-29,449572.65,27169.44,422403.21
COLL012966,L012966,Vehicle,294117.65,2024-10-04,294117.65,Pledged,,,,,
COLL012979,L012979,Vehicle,551011.24,2024-08-05,551011.24,Pledged,,,,,
COLL012981,L012981,Vehicle,939438.2,2024-08-05,939438.2,Pledged,,,,,
COLL013014,L013014,Business Asset / Property,236666.67,2024-08-08,236666.67,Released,,,,,
COLL013028,L013028,Vehicle,215194.81,2024-08-10,215194.81,Released,,,,,
COLL013044,L013044,Vehicle,288625,2024-08-12,288625,Pledged,,,,,
COLL013055,L013055,Vehicle,902191.78,2024-08-13,902191.78,Pledged,,,,,
COLL013056,L013056,Vehicle,230909.09,2024-08-13,230909.09,Pledged,,,,,
COLL013064,L013064,Business Asset / Property,124929.58,2025-07-14,124929.58,Pledged,,,,,
COLL013065,L013065,Vehicle,278309.86,2024-08-14,236563.38,Liquidated,2025-08-20,2025-09-09,208956.28,14629.35,194326.93
COLL013098,L013098,Vehicle,694390.24,2024-08-19,694390.24,Pledged,,,,,
COLL013103,L013103,Vehicle,534269.66,2024-08-20,454129.21,Liquidated,2024-12-31,2025-02-03,440481.03,27945.68,412535.35
COLL013108,L013108,Business Asset / Property,642962.96,2024-08-20,642962.96,Pledged,,,,,
COLL013110,L013110,Vehicle,338192.77,2024-09-20,338192.77,Pledged,,,,,
COLL013126,L013126,Vehicle,286585.37,2024-08-23,286585.37,Pledged,,,,,
COLL013146,L013146,Vehicle,800602.41,2024-08-26,800602.41,Pledged,,,,,
COLL013155,L013155,Vehicle,227356.32,2024-08-27,193252.87,Liquidated,2024-11-02,2024-11-21,188957.73,6960.26,181997.47
COLL013166,L013166,Business Asset / Property,132666.67,2024-08-28,132666.67,Pledged,,,,,
COLL013177,L013177,Business Asset / Property,680333.33,2024-08-29,680333.33,Pledged,,,,,
COLL013178,L013178,Vehicle,497857.14,2024-08-29,497857.14,Pledged,,,,,
COLL013179,L013179,Vehicle,411714.29,2024-08-29,411714.29,Pledged,,,,,
COLL013196,L013196,Vehicle,287804.88,2024-08-31,287804.88,Pledged,,,,,
COLL013228,L013228,Vehicle,312954.55,2024-09-04,312954.55,Released,,,,,
COLL013229,L013229,Vehicle,364166.67,2024-09-04,364166.67,Pledged,,,,,
COLL013253,L013253,Business Asset / Property,72988.51,2024-09-07,72988.51,Pledged,,,,,
COLL013275,L013275,Vehicle,250804.6,2024-09-08,250804.6,Pledged,,,,,
COLL013281,L013281,Business Asset / Property,142278.48,2024-09-09,142278.48,Pledged,,,,,
COLL013374,L013374,Vehicle,460921.05,2024-09-19,460921.05,Pledged,,,,,
COLL013382,L013382,Vehicle,210000,2024-09-20,210000,Pledged,,,,,
COLL013391,L013391,Vehicle,451860.47,2024-09-21,451860.47,Pledged,,,,,
COLL013393,L013393,Vehicle,301264.37,2024-09-21,301264.37,Pledged,,,,,
COLL013415,L013415,Vehicle,351025.64,2024-09-23,298371.79,Liquidated,2025-06-06,2025-07-12,242878.11,15743.04,227135.07
COLL013428,L013428,Vehicle,443000,2024-09-24,443000,Pledged,,,,,
COLL013430,L013430,Vehicle,189176.47,2024-09-24,189176.47,Pledged,,,,,
COLL013450,L013450,Business Asset / Property,335000,2024-09-26,335000,Pledged,,,,,
COLL013467,L013467,Vehicle,1297407.41,2024-09-28,1297407.41,Pledged,,,,,
COLL013476,L013476,Business Asset / Property,153146.07,2024-09-29,153146.07,Pledged,,,,,
COLL013478,L013478,Business Asset / Property,234366.2,2025-07-29,234366.2,Pledged,,,,,
COLL013482,L013482,Vehicle,248648.65,2024-09-29,248648.65,Pledged,,,,,
COLL013506,L013506,Business Asset / Property,84235.29,2024-10-03,84235.29,Pledged,,,,,
COLL013517,L013517,Vehicle,683414.63,2024-10-04,683414.63,Pledged,,,,,
COLL013524,L013524,Vehicle,315432.1,2024-10-04,315432.1,Pledged,,,,,
COLL013589,L013589,Business Asset / Property,94588.24,2024-10-09,94588.24,Released,,,,,
COLL013610,L013610,Business Asset / Property,163888.89,2024-10-11,163888.89,Pledged,,,,,
COLL013650,L013650,Vehicle,441000,2024-10-15,441000,Pledged,,,,,
COLL013651,L013651,Vehicle,246707.32,2024-10-15,246707.32,Pledged,,,,,
COLL013699,L013699,Vehicle,482531.65,2024-10-18,410151.9,Liquidated,2025-10-25,2025-11-09,313433.73,18264.17,295169.56
COLL013717,L013717,Vehicle,255813.95,2024-10-20,255813.95,Pledged,,,,,
COLL013722,L013722,Business Asset / Property,189859.15,2024-10-21,189859.15,Pledged,,,,,
COLL013736,L013736,Business Asset / Property,546436.78,2024-10-22,546436.78,Pledged,,,,,
COLL013746,L013746,Business Asset / Property,102962.96,2025-07-23,102962.96,Pledged,,,,,
COLL013760,L013760,Vehicle,563636.36,2024-10-25,563636.36,Pledged,,,,,
COLL013767,L013767,Vehicle,358522.73,2024-10-25,358522.73,Pledged,,,,,
COLL013800,L013800,Vehicle,472098.77,2024-10-29,472098.77,Pledged,,,,,
COLL013802,L013802,Vehicle,218101.27,2024-10-29,218101.27,Pledged,,,,,
COLL013806,L013806,Vehicle,468636.36,2024-10-29,468636.36,Pledged,,,,,
COLL013813,L013813,Vehicle,206794.87,2024-10-30,206794.87,Pledged,,,,,
COLL013815,L013815,Vehicle,797000,2024-10-31,797000,Pledged,,,,,
COLL013818,L013818,Vehicle,220500,2024-10-31,220500,Pledged,,,,,
COLL013822,L013822,Vehicle,332535.21,2024-10-31,332535.21,Pledged,,,,,
COLL013841,L013841,Business Asset / Property,119875,2024-11-01,119875,Pledged,,,,,
COLL013845,L013845,Vehicle,314657.53,2024-11-02,314657.53,Pledged,,,,,
COLL013863,L013863,Business Asset / Property,235113.64,2024-11-03,235113.64,Pledged,,,,,
COLL013910,L013910,Business Asset / Property,59659.09,2024-11-06,50710.23,Liquidated,2026-02-12,2026-03-07,40604.12,1621.96,38982.16
COLL013917,L013917,Vehicle,424318.18,2024-11-07,424318.18,Pledged,,,,,
COLL013939,L013939,Business Asset / Property,120704.23,2024-11-09,120704.23,Pledged,,,,,
COLL013950,L013950,Business Asset / Property,141388.89,2024-11-10,141388.89,Pledged,,,,,
COLL013956,L013956,Business Asset / Property,189230.77,2024-11-10,189230.77,Pledged,,,,,
COLL013961,L013961,Vehicle,252911.39,2024-11-10,252911.39,Pledged,,,,,
COLL013966,L013966,Vehicle,206400,2024-11-11,206400,Pledged,,,,,
COLL013997,L013997,Business Asset / Property,87297.3,2024-11-13,87297.3,Pledged,,,,,
COLL014001,L014001,Business Asset / Property,82142.86,2024-11-14,82142.86,Pledged,,,,,
COLL014022,L014022,Business Asset / Property,188356.16,2024-11-15,160102.74,Liquidated,2026-01-26,2026-02-27,127885.08,9950.8,117934.28
COLL014023,L014023,Business Asset / Property,111363.64,2024-11-15,111363.64,Pledged,,,,,
COLL014030,L014030,Business Asset / Property,120632.91,2024-11-16,120632.91,Pledged,,,,,
COLL014033,L014033,Business Asset / Property,488552.63,2024-11-16,488552.63,Pledged,,,,,
COLL014047,L014047,Vehicle,236265.06,2024-11-18,200825.3,Liquidated,2025-05-06,2025-05-31,189760.24,11912.13,177848.11
COLL014052,L014052,Vehicle,567564.1,2024-11-18,567564.1,Pledged,,,,,
COLL014087,L014087,Vehicle,373855.42,2024-11-21,373855.42,Pledged,,,,,
COLL014095,L014095,Vehicle,1164333.33,2024-11-22,1164333.33,Pledged,,,,,
COLL014107,L014107,Business Asset / Property,90000,2024-11-22,90000,Pledged,,,,,
COLL014108,L014108,Vehicle,367078.65,2024-11-23,367078.65,Pledged,,,,,
COLL014116,L014116,Business Asset / Property,87594.94,2024-11-24,87594.94,Pledged,,,,,
COLL014121,L014121,Vehicle,376385.54,2024-11-24,376385.54,Pledged,,,,,
COLL014147,L014147,Business Asset / Property,265287.36,2024-11-26,265287.36,Pledged,,,,,
COLL014153,L014153,Business Asset / Property,315694.44,2024-11-27,315694.44,Pledged,,,,,
COLL014159,L014159,Vehicle,535641.03,2024-11-28,535641.03,Pledged,,,,,
COLL014171,L014171,Business Asset / Property,380705.88,2024-11-28,380705.88,Pledged,,,,,
COLL014176,L014176,Vehicle,323855.42,2024-11-29,323855.42,Pledged,,,,,
COLL014181,L014181,Vehicle,843218.39,2024-11-29,843218.39,Released,,,,,
COLL014211,L014211,Vehicle,198409.09,2024-12-02,168647.73,Liquidated,2026-01-16,2026-02-18,131201.4,7201.36,124000.04
COLL014227,L014227,Business Asset / Property,450581.4,2024-12-04,382994.19,Liquidated,2025-02-16,2025-03-19,361590.54,13491.26,348099.28
COLL014228,L014228,Business Asset / Property,59318.18,2024-12-04,59318.18,Pledged,,,,,
COLL014244,L014244,Vehicle,442567.57,2024-12-06,442567.57,Pledged,,,,,
COLL014247,L014247,Business Asset / Property,439166.67,2024-12-06,439166.67,Pledged,,,,,
COLL014264,L014264,Vehicle,506081.08,2024-12-07,430168.92,Liquidated,2025-09-21,2025-11-02,346007.99,18674.54,327333.45
COLL014266,L014266,Vehicle,215135.14,2025-11-07,215135.14,Pledged,,,,,
COLL014305,L014305,Vehicle,280476.19,2024-12-10,280476.19,Pledged,,,,,
COLL014312,L014312,Vehicle,185185.19,2024-12-11,185185.19,Pledged,,,,,
COLL014332,L014332,Business Asset / Property,293522.73,2024-12-13,293522.73,Pledged,,,,,
COLL014354,L014354,Business Asset / Property,154597.7,2024-12-15,154597.7,Released,,,,,
COLL014359,L014359,Business Asset / Property,184470.59,2024-12-16,184470.59,Pledged,,,,,
COLL014369,L014369,Business Asset / Property,292816.9,2025-03-17,248894.37,Liquidated,2025-12-22,2026-02-05,216263.01,7489.56,208773.45
COLL014400,L014400,Vehicle,185595.24,2024-12-20,185595.24,Pledged,,,,,
COLL014426,L014426,Business Asset / Property,203417.72,2024-12-22,203417.72,Pledged,,,,,
COLL014427,L014427,Business Asset / Property,182317.07,2024-12-22,182317.07,Pledged,,,,,
COLL014434,L014434,Business Asset / Property,126666.67,2024-12-23,126666.67,Pledged,,,,,
COLL014437,L014437,Vehicle,734571.43,2024-12-23,734571.43,Pledged,,,,,
COLL014473,L014473,Business Asset / Property,70136.99,2024-12-25,70136.99,Pledged,,,,,
COLL014482,L014482,Vehicle,334533.33,2024-12-26,284353.33,Liquidated,2025-07-31,2025-09-13,279482.59,10145.22,269337.37
COLL014487,L014487,Vehicle,399166.67,2024-12-27,399166.67,Pledged,,,,,
COLL014498,L014498,Vehicle,253125,2024-12-28,253125,Pledged,,,,,
COLL014504,L014504,Vehicle,515428.57,2024-12-28,515428.57,Pledged,,,,,
COLL014508,L014508,Vehicle,314861.11,2024-12-29,314861.11,Released,,,,,
COLL014521,L014521,Business Asset / Property,135285.71,2024-12-30,114992.85,Liquidated,2025-11-19,2025-12-12,83424.08,6387.99,77036.09
COLL014553,L014553,Vehicle,386410.26,2025-01-02,328448.72,Liquidated,2025-10-12,2025-11-17,296432.06,9948.93,286483.13
COLL014576,L014576,Business Asset / Property,158414.63,2025-01-03,158414.63,Released,,,,,
COLL014583,L014583,Vehicle,535866.67,2025-01-04,535866.67,Pledged,,,,,
COLL014610,L014610,Vehicle,593055.56,2025-01-05,593055.56,Pledged,,,,,
COLL014612,L014612,Vehicle,246627.91,2025-01-06,246627.91,Pledged,,,,,
COLL014628,L014628,Business Asset / Property,224305.56,2025-01-07,224305.56,Pledged,,,,,
COLL014652,L014652,Business Asset / Property,152222.22,2025-01-09,152222.22,Pledged,,,,,
COLL014665,L014665,Vehicle,448157.89,2025-01-10,448157.89,Pledged,,,,,
COLL014670,L014670,Business Asset / Property,678089.89,2025-08-11,678089.89,Pledged,,,,,
COLL014697,L014697,Vehicle,336395.35,2025-11-13,336395.35,Pledged,,,,,
COLL014717,L014717,Vehicle,325411.76,2025-01-15,325411.76,Pledged,,,,,
COLL014721,L014721,Vehicle,210500,2025-05-16,210500,Pledged,,,,,
COLL014744,L014744,Business Asset / Property,106941.18,2025-01-18,106941.18,Pledged,,,,,
COLL014749,L014749,Business Asset / Property,453194.44,2025-01-18,453194.44,Pledged,,,,,
COLL014756,L014756,Vehicle,650340.91,2025-04-18,650340.91,Pledged,,,,,
COLL014759,L014759,Business Asset / Property,240116.28,2025-01-18,240116.28,Pledged,,,,,
COLL014760,L014760,Vehicle,340588.24,2025-01-18,340588.24,Pledged,,,,,
COLL014778,L014778,Vehicle,209642.86,2025-01-20,209642.86,Pledged,,,,,
COLL014787,L014787,Business Asset / Property,88750,2026-01-21,88750,Pledged,,,,,
COLL014822,L014822,Vehicle,570675.68,2025-01-24,570675.68,Pledged,,,,,
COLL014826,L014826,Vehicle,380133.33,2025-01-24,380133.33,Pledged,,,,,
COLL014835,L014835,Business Asset / Property,586265.06,2025-01-24,586265.06,Pledged,,,,,
COLL014840,L014840,Vehicle,217857.14,2025-01-24,217857.14,Pledged,,,,,
COLL014841,L014841,Vehicle,394482.76,2025-01-25,394482.76,Pledged,,,,,
COLL014842,L014842,Vehicle,574533.33,2025-01-25,574533.33,Pledged,,,,,
COLL014881,L014881,Vehicle,243750,2025-01-29,243750,Pledged,,,,,
COLL014889,L014889,Business Asset / Property,125789.47,2025-01-29,125789.47,Pledged,,,,,
COLL014890,L014890,Business Asset / Property,236315.79,2025-01-29,236315.79,Pledged,,,,,
COLL014893,L014893,Business Asset / Property,437500,2025-01-30,437500,Released,,,,,
COLL014894,L014894,Vehicle,832428.57,2025-01-30,832428.57,Pledged,,,,,
COLL014922,L014922,Vehicle,329189.19,2025-02-01,329189.19,Released,,,,,
COLL014937,L014937,Business Asset / Property,100232.56,2025-02-02,100232.56,Pledged,,,,,
COLL014947,L014947,Vehicle,1181466.67,2025-02-03,1181466.67,Pledged,,,,,
COLL014949,L014949,Business Asset / Property,101764.71,2025-02-03,101764.71,Released,,,,,
COLL014960,L014960,Business Asset / Property,397078.65,2025-02-04,397078.65,Released,,,,,
COLL014969,L014969,Vehicle,203932.58,2025-02-05,203932.58,Pledged,,,,,
COLL014978,L014978,Business Asset / Property,582112.68,2025-02-06,582112.68,Pledged,,,,,
COLL015048,L015048,Business Asset / Property,876419.75,2025-02-12,876419.75,Pledged,,,,,
COLL015054,L015054,Vehicle,885915.49,2025-02-13,885915.49,Pledged,,,,,
COLL015074,L015074,Business Asset / Property,105810.81,2025-02-15,105810.81,Pledged,,,,,
COLL015088,L015088,Business Asset / Property,93026.32,2025-11-16,93026.32,Pledged,,,,,
COLL015091,L015091,Business Asset / Property,263734.94,2025-02-16,263734.94,Pledged,,,,,
COLL015114,L015114,Vehicle,887303.37,2025-02-19,887303.37,Pledged,,,,,
COLL015124,L015124,Vehicle,675795.45,2025-02-20,675795.45,Pledged,,,,,
COLL015125,L015125,Business Asset / Property,222207.79,2025-02-20,222207.79,Pledged,,,,,
COLL015142,L015142,Vehicle,982584.27,2026-03-22,982584.27,Pledged,,,,,
COLL015145,L015145,Vehicle,422444.44,2025-02-22,422444.44,Pledged,,,,,
COLL015157,L015157,Business Asset / Property,147441.86,2025-02-23,147441.86,Pledged,,,,,
COLL015159,L015159,Vehicle,290823.53,2025-02-24,290823.53,Pledged,,,,,
COLL015168,L015168,Business Asset / Property,871794.87,2025-02-25,741025.64,Liquidated,2025-07-04,2025-07-31,507587.84,37051.38,470536.46
COLL015181,L015181,Business Asset / Property,67613.64,2025-02-26,67613.64,Pledged,,,,,
COLL015217,L015217,Vehicle,204189.19,2025-03-01,204189.19,Pledged,,,,,
COLL015237,L015237,Vehicle,187108.43,2025-03-03,187108.43,Pledged,,,,,
COLL015244,L015244,Business Asset / Property,308800,2025-03-04,308800,Pledged,,,,,
COLL015284,L015284,Vehicle,199620.25,2025-03-07,199620.25,Pledged,,,,,
COLL015298,L015298,Vehicle,273000,2025-03-08,273000,Pledged,,,,,
COLL015302,L015302,Business Asset / Property,87083.33,2025-03-08,87083.33,Pledged,,,,,
COLL015340,L015340,Business Asset / Property,146067.42,2025-03-11,146067.42,Pledged,,,,,
COLL015356,L015356,Business Asset / Property,66025.64,2025-03-12,66025.64,Pledged,,,,,
COLL015381,L015381,Business Asset / Property,311265.82,2025-03-15,311265.82,Released,,,,,
COLL015394,L015394,Business Asset / Property,295609.76,2025-03-16,295609.76,Pledged,,,,,
COLL015396,L015396,Vehicle,374090.91,2026-03-16,374090.91,Pledged,,,,,
COLL015424,L015424,Vehicle,388571.43,2025-03-19,388571.43,Pledged,,,,,
COLL015429,L015429,Vehicle,1036197.18,2025-03-20,1036197.18,Pledged,,,,,
COLL015432,L015432,Vehicle,229058.82,2025-03-20,229058.82,Released,,,,,
COLL015447,L015447,Business Asset / Property,114800,2025-03-21,114800,Pledged,,,,,
COLL015449,L015449,Vehicle,539870.13,2025-03-21,539870.13,Pledged,,,,,
COLL015465,L015465,Vehicle,300689.66,2025-03-24,300689.66,Pledged,,,,,
COLL015485,L015485,Vehicle,1167349.4,2025-03-26,1167349.4,Released,,,,,
COLL015490,L015490,Vehicle,687640.45,2025-09-26,687640.45,Released,,,,,
COLL015520,L015520,Vehicle,335625,2025-03-29,335625,Pledged,,,,,
COLL015527,L015527,Business Asset / Property,68311.69,2025-03-30,68311.69,Pledged,,,,,
COLL015558,L015558,Business Asset / Property,113239.44,2025-04-02,113239.44,Released,,,,,
COLL015559,L015559,Vehicle,544861.11,2025-04-02,544861.11,Pledged,,,,,
COLL015573,L015573,Business Asset / Property,78800,2025-04-03,78800,Pledged,,,,,
COLL015598,L015598,Business Asset / Property,1285119.05,2025-04-06,1285119.05,Pledged,,,,,
COLL015611,L015611,Business Asset / Property,158571.43,2025-04-07,158571.43,Pledged,,,,,
COLL015623,L015623,Vehicle,178000,2025-04-09,151300,Liquidated,2025-08-24,2025-09-23,130979.79,8282.91,122696.88
COLL015625,L015625,Business Asset / Property,137857.14,2025-04-09,137857.14,Pledged,,,,,
COLL015647,L015647,Business Asset / Property,307916.67,2025-07-12,307916.67,Pledged,,,,,
COLL015659,L015659,Vehicle,653013.7,2025-04-13,653013.7,Pledged,,,,,
COLL015661,L015661,Business Asset / Property,91445.78,2025-04-13,91445.78,Pledged,,,,,
COLL015670,L015670,Business Asset / Property,217361.11,2025-04-14,217361.11,Pledged,,,,,
COLL015671,L015671,Vehicle,717142.86,2025-04-14,717142.86,Pledged,,,,,
COLL015716,L015716,Business Asset / Property,444886.36,2025-04-21,444886.36,Pledged,,,,,
COLL015740,L015740,Business Asset / Property,96081.08,2025-04-22,81668.92,Liquidated,2026-01-03,2026-02-03,53549.78,4281.7,49268.08
COLL015741,L015741,Vehicle,530769.23,2025-04-23,530769.23,Pledged,,,,,
COLL015760,L015760,Vehicle,219444.44,2025-04-24,219444.44,Pledged,,,,,
COLL015763,L015763,Vehicle,482816.9,2025-08-24,482816.9,Pledged,,,,,
COLL015786,L015786,Business Asset / Property,237142.86,2025-04-27,237142.86,Pledged,,,,,
COLL015791,L015791,Business Asset / Property,1140000,2025-04-27,1140000,Pledged,,,,,
COLL015797,L015797,Vehicle,321590.91,2025-04-28,321590.91,Pledged,,,,,
COLL015808,L015808,Vehicle,360114.94,2025-04-29,360114.94,Pledged,,,,,
COLL015839,L015839,Vehicle,655340.91,2025-05-02,655340.91,Pledged,,,,,
COLL015851,L015851,Vehicle,386410.26,2025-05-04,386410.26,Pledged,,,,,
COLL015856,L015856,Vehicle,247105.26,2025-05-04,247105.26,Pledged,,,,,
COLL015866,L015866,Business Asset / Property,280886.08,2025-05-05,280886.08,Pledged,,,,,
COLL015870,L015870,Vehicle,368428.57,2025-05-05,368428.57,Pledged,,,,,
COLL015880,L015880,Business Asset / Property,77045.45,2025-05-07,77045.45,Released,,,,,
COLL015887,L015887,Vehicle,245444.44,2025-05-07,245444.44,Pledged,,,,,
COLL015905,L015905,Business Asset / Property,217500,2025-05-09,217500,Pledged,,,,,
COLL015917,L015917,Business Asset / Property,87714.29,2025-05-09,87714.29,Pledged,,,,,
COLL015923,L015923,Vehicle,245421.69,2025-12-10,245421.69,Pledged,,,,,
COLL015934,L015934,Vehicle,454459.46,2025-05-11,454459.46,Pledged,,,,,
COLL015936,L015936,Business Asset / Property,678690.48,2025-05-11,678690.48,Released,,,,,
COLL015944,L015944,Business Asset / Property,234712.64,2025-05-12,234712.64,Released,,,,,
COLL015946,L015946,Vehicle,278395.06,2025-05-12,278395.06,Pledged,,,,,
COLL015953,L015953,Business Asset / Property,318390.8,2026-01-13,318390.8,Pledged,,,,,
COLL015955,L015955,Vehicle,584084.51,2025-05-13,584084.51,Pledged,,,,,
COLL016026,L016026,Business Asset / Property,217763.16,2025-05-21,217763.16,Pledged,,,,,
COLL016039,L016039,Vehicle,836785.71,2025-05-22,836785.71,Pledged,,,,,
COLL016086,L016086,Vehicle,276962.03,2025-05-27,276962.03,Pledged,,,,,
COLL016089,L016089,Vehicle,241071.43,2025-05-27,241071.43,Pledged,,,,,
COLL016108,L016108,Vehicle,406875,2025-05-30,406875,Pledged,,,,,
COLL016116,L016116,Business Asset / Property,283000,2025-05-31,240550,Liquidated,2026-03-12,2026-04-01,213499.08,7957.97,205541.11
COLL016136,L016136,Business Asset / Property,91558.44,2025-06-01,91558.44,Pledged,,,,,
COLL016144,L016144,Vehicle,852068.97,2025-06-02,852068.97,Released,,,,,
COLL016165,L016165,Vehicle,282619.05,2025-06-04,282619.05,Pledged,,,,,
COLL016166,L016166,Vehicle,253766.23,2025-06-04,253766.23,Pledged,,,,,
COLL016177,L016177,Business Asset / Property,278194.44,2025-06-06,278194.44,Pledged,,,,,
COLL016179,L016179,Business Asset / Property,657108.43,2025-06-06,657108.43,Released,,,,,
COLL016197,L016197,Vehicle,247466.67,2025-06-08,247466.67,Pledged,,,,,
COLL016209,L016209,Vehicle,390481.93,2025-06-10,390481.93,Pledged,,,,,
COLL016215,L016215,Business Asset / Property,280789.47,2025-06-11,280789.47,Pledged,,,,,
COLL016218,L016218,Vehicle,196493.51,2025-06-11,196493.51,Pledged,,,,,
COLL016226,L016226,Vehicle,417901.23,2025-06-12,417901.23,Pledged,,,,,
COLL016227,L016227,Business Asset / Property,92771.08,2025-06-12,92771.08,Pledged,,,,,
COLL016228,L016228,Vehicle,287763.16,2025-06-12,287763.16,Pledged,,,,,
COLL016230,L016230,Vehicle,285340.91,2025-06-12,285340.91,Pledged,,,,,
COLL016252,L016252,Vehicle,187469.88,2025-06-15,187469.88,Pledged,,,,,
COLL016256,L016256,Vehicle,266410.26,2025-06-16,266410.26,Pledged,,,,,
COLL016257,L016257,Vehicle,359615.38,2025-06-16,359615.38,Pledged,,,,,
COLL016267,L016267,Business Asset / Property,521785.71,2025-06-17,521785.71,Pledged,,,,,
COLL016301,L016301,Vehicle,740259.74,2025-06-20,740259.74,Released,,,,,
COLL016337,L016337,Business Asset / Property,832368.42,2025-06-25,832368.42,Pledged,,,,,
COLL016338,L016338,Business Asset / Property,474939.76,2025-06-25,474939.76,Pledged,,,,,
COLL016348,L016348,Business Asset / Property,231666.67,2025-06-26,231666.67,Pledged,,,,,
COLL016407,L016407,Vehicle,784358.97,2025-07-03,784358.97,Pledged,,,,,
COLL016424,L016424,Vehicle,372467.53,2025-07-05,372467.53,Pledged,,,,,
COLL016431,L016431,Business Asset / Property,673563.22,2025-07-06,673563.22,Released,,,,,
COLL016437,L016437,Business Asset / Property,225250,2025-07-06,225250,Pledged,,,,,
COLL016442,L016442,Business Asset / Property,68625,2025-07-07,68625,Pledged,,,,,
COLL016447,L016447,Business Asset / Property,116986.3,2025-07-08,116986.3,Pledged,,,,,
COLL016456,L016456,Business Asset / Property,167974.68,2025-07-09,167974.68,Pledged,,,,,
COLL016463,L016463,Business Asset / Property,377564.1,2025-07-10,377564.1,Pledged,,,,,
COLL016466,L016466,Vehicle,201764.71,2025-07-10,201764.71,Pledged,,,,,
COLL016482,L016482,Vehicle,242077.92,2025-07-13,242077.92,Pledged,,,,,
COLL016516,L016516,Business Asset / Property,393835.62,2025-07-17,393835.62,Released,,,,,
COLL016554,L016554,Business Asset / Property,897283.95,2025-07-22,897283.95,Pledged,,,,,
COLL016581,L016581,Vehicle,650561.8,2026-02-25,650561.8,Pledged,,,,,
COLL016592,L016592,Vehicle,444269.66,2025-07-26,444269.66,Pledged,,,,,
COLL016595,L016595,Vehicle,301685.39,2025-07-26,301685.39,Pledged,,,,,
COLL016615,L016615,Vehicle,661772.15,2025-07-29,661772.15,Pledged,,,,,
COLL016625,L016625,Business Asset / Property,107560.98,2025-07-30,107560.98,Pledged,,,,,
COLL016641,L016641,Business Asset / Property,785454.55,2025-08-02,785454.55,Pledged,,,,,
COLL016677,L016677,Vehicle,724084.51,2025-08-06,724084.51,Pledged,,,,,
COLL016704,L016704,Vehicle,225119.05,2025-08-10,225119.05,Pledged,,,,,
COLL016709,L016709,Business Asset / Property,182266.67,2025-08-11,182266.67,Pledged,,,,,
COLL016712,L016712,Business Asset / Property,148536.59,2025-08-11,148536.59,Pledged,,,,,
COLL016719,L016719,Business Asset / Property,74482.76,2025-08-12,74482.76,Pledged,,,,,
COLL016725,L016725,Business Asset / Property,69431.82,2025-08-14,69431.82,Pledged,,,,,
COLL016732,L016732,Business Asset / Property,193522.73,2025-08-15,193522.73,Pledged,,,,,
COLL016759,L016759,Business Asset / Property,291666.67,2025-08-18,291666.67,Pledged,,,,,
COLL016765,L016765,Business Asset / Property,569882.35,2025-08-19,569882.35,Pledged,,,,,
COLL016779,L016779,Business Asset / Property,469342.11,2025-08-20,469342.11,Pledged,,,,,
COLL016791,L016791,Vehicle,1293600,2025-08-22,1293600,Pledged,,,,,
COLL016806,L016806,Business Asset / Property,199886.36,2025-08-23,199886.36,Pledged,,,,,
COLL016827,L016827,Vehicle,271923.08,2025-08-25,271923.08,Pledged,,,,,
COLL016828,L016828,Vehicle,576250,2025-08-25,576250,Pledged,,,,,
COLL016838,L016838,Business Asset / Property,86067.42,2025-08-27,86067.42,Pledged,,,,,
COLL016847,L016847,Vehicle,194320.99,2025-12-29,194320.99,Pledged,,,,,
COLL016853,L016853,Vehicle,242602.74,2025-08-30,242602.74,Pledged,,,,,
COLL016859,L016859,Business Asset / Property,202368.42,2025-08-30,202368.42,Released,,,,,
COLL016873,L016873,Vehicle,212643.68,2025-09-01,212643.68,Pledged,,,,,
COLL016897,L016897,Vehicle,382298.85,2026-01-04,382298.85,Pledged,,,,,
COLL016902,L016902,Business Asset / Property,334382.02,2025-09-04,334382.02,Pledged,,,,,
COLL016924,L016924,Vehicle,517638.89,2025-09-07,517638.89,Pledged,,,,,
COLL016935,L016935,Business Asset / Property,240000,2025-09-08,240000,Pledged,,,,,
COLL016939,L016939,Business Asset / Property,545505.62,2025-09-09,545505.62,Pledged,,,,,
COLL016943,L016943,Business Asset / Property,115205.48,2025-09-09,115205.48,Pledged,,,,,
COLL016946,L016946,Business Asset / Property,139333.33,2025-09-10,139333.33,Pledged,,,,,
COLL016970,L016970,Business Asset / Property,593461.54,2025-12-12,593461.54,Pledged,,,,,
COLL016971,L016971,Vehicle,303026.32,2025-09-12,303026.32,Released,,,,,
COLL016998,L016998,Vehicle,487023.81,2025-09-17,487023.81,Pledged,,,,,
COLL017000,L017000,Business Asset / Property,636627.91,2025-09-17,636627.91,Pledged,,,,,
COLL017020,L017020,Vehicle,294939.76,2025-09-19,250698.8,Liquidated,2026-02-04,2026-02-21,184073.55,7216.69,176856.86
COLL017027,L017027,Vehicle,400400,2025-09-20,400400,Pledged,,,,,
COLL017061,L017061,Business Asset / Property,145875,2025-09-23,145875,Pledged,,,,,
COLL017067,L017067,Vehicle,511578.95,2025-09-24,511578.95,Pledged,,,,,
COLL017069,L017069,Vehicle,1203376.62,2025-09-24,1203376.62,Pledged,,,,,
COLL017072,L017072,Business Asset / Property,126388.89,2025-09-24,107430.56,Liquidated,2025-12-01,2025-12-22,99385.81,7643.88,91741.93
COLL017092,L017092,Vehicle,367159.09,2025-09-26,367159.09,Pledged,,,,,
COLL017121,L017121,Vehicle,203544.3,2025-09-29,203544.3,Pledged,,,,,
COLL017123,L017123,Business Asset / Property,98219.18,2025-09-29,98219.18,Pledged,,,,,
COLL017151,L017151,Vehicle,851235.96,2026-04-02,851235.96,Pledged,,,,,
COLL017194,L017194,Vehicle,508977.27,2025-10-07,508977.27,Pledged,,,,,
COLL017198,L017198,Business Asset / Property,332702.7,2025-10-08,332702.7,Pledged,,,,,
COLL017225,L017225,Vehicle,370379.75,2025-10-10,370379.75,Released,,,,,
COLL017231,L017231,Vehicle,679047.62,2025-10-11,679047.62,Pledged,,,,,
COLL017241,L017241,Vehicle,302272.73,2025-10-11,302272.73,Pledged,,,,,
COLL017244,L017244,Business Asset / Property,113975.9,2025-10-11,113975.9,Pledged,,,,,
COLL017250,L017250,Business Asset / Property,230370.37,2025-10-12,230370.37,Pledged,,,,,
COLL017259,L017259,Business Asset / Property,111428.57,2025-10-13,111428.57,Pledged,,,,,
COLL017314,L017314,Business Asset / Property,106470.59,2025-10-18,106470.59,Pledged,,,,,
COLL017315,L017315,Vehicle,435185.19,2025-10-18,435185.19,Pledged,,,,,
COLL017354,L017354,Vehicle,265857.14,2025-11-21,265857.14,Pledged,,,,,
COLL017359,L017359,Vehicle,237402.6,2025-10-21,237402.6,Pledged,,,,,
COLL017366,L017366,Business Asset / Property,120786.52,2025-10-22,120786.52,Pledged,,,,,
COLL017388,L017388,Business Asset / Property,335057.47,2025-10-24,335057.47,Pledged,,,,,
COLL017392,L017392,Vehicle,969411.76,2025-10-24,969411.76,Pledged,,,,,
COLL017405,L017405,Business Asset / Property,454857.14,2025-10-25,454857.14,Pledged,,,,,
COLL017409,L017409,Business Asset / Property,65802.47,2025-10-26,55932.1,Liquidated,2026-02-07,2026-03-13,38445.03,2861.98,35583.05
COLL017435,L017435,Vehicle,262588.24,2025-10-28,262588.24,Pledged,,,,,
COLL017441,L017441,Vehicle,733108.11,2025-10-29,733108.11,Released,,,,,
COLL017449,L017449,Vehicle,181860.47,2025-10-29,181860.47,Pledged,,,,,
COLL017455,L017455,Business Asset / Property,262638.89,2025-10-30,262638.89,Released,,,,,
COLL017487,L017487,Vehicle,436133.33,2025-11-02,436133.33,Pledged,,,,,
COLL017504,L017504,Vehicle,377261.9,2025-11-03,377261.9,Pledged,,,,,
COLL017510,L017510,Vehicle,237500,2025-11-04,237500,Pledged,,,,,
COLL017515,L017515,Vehicle,285697.67,2025-11-04,285697.67,Pledged,,,,,
COLL017541,L017541,Vehicle,449500,2026-03-06,449500,Pledged,,,,,
COLL017545,L017545,Vehicle,1203333.33,2025-11-07,1203333.33,Pledged,,,,,
COLL017546,L017546,Business Asset / Property,646000,2025-11-07,646000,Pledged,,,,,
COLL017561,L017561,Vehicle,460379.75,2025-11-08,460379.75,Pledged,,,,,
COLL017571,L017571,Vehicle,218604.65,2025-11-09,185813.95,Liquidated,2026-02-28,2026-03-17,160238.11,11557.1,148681.01
COLL017604,L017604,Vehicle,665853.66,2025-11-11,665853.66,Pledged,,,,,
COLL017607,L017607,Business Asset / Property,121267.61,2025-11-11,121267.61,Pledged,,,,,
COLL017608,L017608,Business Asset / Property,269213.48,2025-11-11,269213.48,Pledged,,,,,
COLL017618,L017618,Business Asset / Property,118082.19,2025-11-12,118082.19,Pledged,,,,,
COLL017644,L017644,Vehicle,282250,2025-11-14,282250,Pledged,,,,,
COLL017649,L017649,Business Asset / Property,123684.21,2025-11-14,123684.21,Pledged,,,,,
COLL017658,L017658,Business Asset / Property,111714.29,2025-11-15,111714.29,Pledged,,,,,
COLL017664,L017664,Vehicle,1205068.49,2025-11-16,1205068.49,Pledged,,,,,
COLL017679,L017679,Business Asset / Property,891282.05,2025-11-17,891282.05,Pledged,,,,,
COLL017727,L017727,Business Asset / Property,155428.57,2025-11-21,155428.57,Pledged,,,,,
COLL017777,L017777,Vehicle,534102.56,2025-11-26,534102.56,Pledged,,,,,
COLL017788,L017788,Vehicle,858513.51,2025-11-27,858513.51,Pledged,,,,,
COLL017819,L017819,Vehicle,310526.32,2025-11-30,310526.32,Pledged,,,,,
COLL017837,L017837,Vehicle,218651.69,2025-12-01,218651.69,Pledged,,,,,
COLL017839,L017839,Business Asset / Property,92222.22,2025-12-02,92222.22,Pledged,,,,,
COLL017843,L017843,Vehicle,219866.67,2025-12-02,219866.67,Pledged,,,,,
COLL017876,L017876,Vehicle,468395.06,2025-12-04,468395.06,Pledged,,,,,
COLL017891,L017891,Vehicle,255340.91,2025-12-06,255340.91,Pledged,,,,,
COLL017902,L017902,Vehicle,193924.05,2025-12-08,193924.05,Pledged,,,,,
COLL017947,L017947,Business Asset / Property,68837.21,2025-12-12,68837.21,Pledged,,,,,
COLL017955,L017955,Business Asset / Property,66710.53,2025-12-13,66710.53,Pledged,,,,,
COLL017960,L017960,Vehicle,1206712.33,2025-12-14,1206712.33,Pledged,,,,,
COLL017964,L017964,Business Asset / Property,631888.89,2025-12-14,631888.89,Pledged,,,,,
COLL017975,L017975,Business Asset / Property,173820.22,2025-12-15,173820.22,Pledged,,,,,
COLL017985,L017985,Vehicle,505308.64,2025-12-16,505308.64,Pledged,,,,,
COLL018018,L018018,Business Asset / Property,107640.45,2025-12-19,107640.45,Pledged,,,,,
COLL018024,L018024,Vehicle,777159.09,2025-12-19,777159.09,Pledged,,,,,
COLL018040,L018040,Vehicle,220000,2025-12-20,220000,Pledged,,,,,
COLL018050,L018050,Business Asset / Property,157763.16,2025-12-21,157763.16,Released,,,,,
COLL018060,L018060,Vehicle,240512.82,2025-12-23,240512.82,Pledged,,,,,
COLL018097,L018097,Vehicle,270000,2025-12-26,270000,Pledged,,,,,
COLL018101,L018101,Vehicle,627464.79,2025-12-27,627464.79,Pledged,,,,,
COLL018108,L018108,Vehicle,677792.21,2025-12-27,677792.21,Pledged,,,,,
COLL018110,L018110,Business Asset / Property,374533.33,2025-12-27,374533.33,Pledged,,,,,
COLL018122,L018122,Business Asset / Property,361866.67,2025-12-28,361866.67,Pledged,,,,,
COLL018151,L018151,Vehicle,330963.86,2025-12-31,330963.86,Pledged,,,,,
COLL018152,L018152,Vehicle,239875,2025-12-31,239875,Pledged,,,,,
COLL018176,L018176,Vehicle,329775.28,2026-01-03,329775.28,Pledged,,,,,
COLL018186,L018186,Vehicle,509452.05,2026-01-03,509452.05,Pledged,,,,,
COLL018226,L018226,Vehicle,201818.18,2026-01-06,201818.18,Pledged,,,,,
COLL018237,L018237,Business Asset / Property,384615.38,2026-01-06,384615.38,Pledged,,,,,
COLL018277,L018277,Business Asset / Property,175405.41,2026-01-10,175405.41,Pledged,,,,,
COLL018293,L018293,Vehicle,206067.42,2026-01-11,206067.42,Pledged,,,,,
COLL018301,L018301,Vehicle,203529.41,2026-01-12,203529.41,Pledged,,,,,
COLL018317,L018317,Business Asset / Property,846315.79,2026-01-14,846315.79,Pledged,,,,,
COLL018326,L018326,Business Asset / Property,116666.67,2026-01-14,116666.67,Pledged,,,,,
COLL018329,L018329,Vehicle,208918.92,2026-01-15,208918.92,Pledged,,,,,
COLL018335,L018335,Business Asset / Property,312891.57,2026-01-15,312891.57,Pledged,,,,,
COLL018356,L018356,Business Asset / Property,144400,2026-01-17,144400,Pledged,,,,,
COLL018403,L018403,Vehicle,273734.94,2026-01-22,273734.94,Pledged,,,,,
COLL018409,L018409,Vehicle,487848.1,2026-01-23,487848.1,Pledged,,,,,
COLL018410,L018410,Business Asset / Property,203604.65,2026-01-23,203604.65,Pledged,,,,,
COLL018421,L018421,Vehicle,271710.53,2026-01-24,271710.53,Pledged,,,,,
COLL018446,L018446,Vehicle,469066.67,2026-01-26,469066.67,Pledged,,,,,
COLL018453,L018453,Business Asset / Property,288072.29,2026-01-27,288072.29,Pledged,,,,,
COLL018455,L018455,Business Asset / Property,793289.47,2026-01-27,793289.47,Pledged,,,,,
COLL018490,L018490,Vehicle,703333.33,2026-01-29,703333.33,Pledged,,,,,
COLL018494,L018494,Business Asset / Property,148108.11,2026-01-29,148108.11,Pledged,,,,,
COLL018507,L018507,Business Asset / Property,797820.51,2026-01-30,797820.51,Pledged,,,,,
COLL018514,L018514,Business Asset / Property,360000,2026-01-31,360000,Pledged,,,,,
COLL018522,L018522,Vehicle,576216.22,2026-01-31,576216.22,Pledged,,,,,
COLL018525,L018525,Business Asset / Property,575227.27,2026-02-01,575227.27,Pledged,,,,,
COLL018545,L018545,Vehicle,715308.64,2026-02-02,715308.64,Pledged,,,,,
COLL018554,L018554,Business Asset / Property,72222.22,2026-02-02,72222.22,Pledged,,,,,
COLL018556,L018556,Vehicle,391891.89,2026-02-02,391891.89,Pledged,,,,,
COLL018579,L018579,Business Asset / Property,396133.33,2026-02-04,396133.33,Pledged,,,,,
COLL018585,L018585,Vehicle,399861.11,2026-02-05,399861.11,Pledged,,,,,
COLL018592,L018592,Business Asset / Property,236341.46,2026-02-05,236341.46,Pledged,,,,,
COLL018624,L018624,Business Asset / Property,57727.27,2026-02-07,57727.27,Pledged,,,,,
COLL018641,L018641,Vehicle,224302.33,2026-02-09,224302.33,Pledged,,,,,
COLL018656,L018656,Business Asset / Property,108717.95,2026-02-10,108717.95,Pledged,,,,,
COLL018666,L018666,Business Asset / Property,1056410.26,2026-02-11,1056410.26,Pledged,,,,,
COLL018676,L018676,Vehicle,645333.33,2026-02-12,645333.33,Pledged,,,,,
COLL018677,L018677,Vehicle,266438.36,2026-02-12,266438.36,Pledged,,,,,
COLL018683,L018683,Vehicle,867558.14,2026-02-12,867558.14,Pledged,,,,,
COLL018687,L018687,Vehicle,220117.65,2026-02-13,220117.65,Pledged,,,,,
COLL018688,L018688,Vehicle,1242400,2026-02-13,1242400,Pledged,,,,,
COLL018691,L018691,Vehicle,207386.36,2026-02-13,207386.36,Pledged,,,,,
COLL018711,L018711,Business Asset / Property,254358.97,2026-02-15,254358.97,Pledged,,,,,
COLL018732,L018732,Vehicle,391621.62,2026-02-17,391621.62,Pledged,,,,,
COLL018736,L018736,Business Asset / Property,691627.91,2026-02-17,691627.91,Pledged,,,,,
COLL018754,L018754,Business Asset / Property,215121.95,2026-02-19,215121.95,Pledged,,,,,
COLL018756,L018756,Business Asset / Property,177126.44,2026-02-20,177126.44,Pledged,,,,,
COLL018764,L018764,Business Asset / Property,109204.55,2026-02-21,109204.55,Pledged,,,,,
COLL018777,L018777,Vehicle,630897.44,2026-02-22,630897.44,Pledged,,,,,
COLL018805,L018805,Vehicle,301204.82,2026-02-26,301204.82,Pledged,,,,,
COLL018829,L018829,Business Asset / Property,110958.9,2026-02-27,110958.9,Pledged,,,,,
COLL018845,L018845,Vehicle,378658.54,2026-03-02,378658.54,Pledged,,,,,
COLL018861,L018861,Vehicle,543636.36,2026-03-03,543636.36,Pledged,,,,,
COLL018868,L018868,Business Asset / Property,486666.67,2026-03-04,486666.67,Pledged,,,,,
COLL018891,L018891,Business Asset / Property,374054.05,2026-03-06,374054.05,Pledged,,,,,
COLL018894,L018894,Business Asset / Property,359583.33,2026-03-07,359583.33,Pledged,,,,,
COLL018925,L018925,Business Asset / Property,204078.95,2026-03-09,204078.95,Pledged,,,,,
COLL018931,L018931,Business Asset / Property,216111.11,2026-03-09,216111.11,Pledged,,,,,
COLL018946,L018946,Business Asset / Property,197162.16,2026-03-11,197162.16,Pledged,,,,,
COLL018968,L018968,Vehicle,671807.23,2026-03-13,671807.23,Pledged,,,,,
COLL018988,L018988,Vehicle,365972.22,2026-03-15,365972.22,Pledged,,,,,
COLL019006,L019006,Business Asset / Property,322298.85,2026-03-16,322298.85,Pledged,,,,,
COLL019024,L019024,Vehicle,1010370.37,2026-03-18,1010370.37,Pledged,,,,,
COLL019025,L019025,Vehicle,296153.85,2026-03-18,296153.85,Pledged,,,,,
COLL019043,L019043,Business Asset / Property,473846.15,2026-03-20,473846.15,Pledged,,,,,
COLL019060,L019060,Vehicle,230555.56,2026-03-20,230555.56,Pledged,,,,,
COLL019069,L019069,Vehicle,227195.12,2026-03-21,227195.12,Pledged,,,,,
COLL019081,L019081,Business Asset / Property,106222.22,2026-03-22,106222.22,Pledged,,,,,
COLL019115,L019115,Business Asset / Property,72676.06,2026-03-26,72676.06,Pledged,,,,,
COLL019149,L019149,Vehicle,974556.96,2026-03-30,974556.96,Pledged,,,,,
COLL019164,L019164,Vehicle,430958.9,2026-04-01,430958.9,Pledged,,,,,
COLL019171,L019171,Business Asset / Property,81011.24,2026-04-01,81011.24,Pledged,,,,,
COLL019172,L019172,Business Asset / Property,402674.42,2026-04-02,402674.42,Pledged,,,,,
COLL019177,L019177,Business Asset / Property,415180.72,2026-04-02,415180.72,Pledged,,,,,
COLL019181,L019181,Business Asset / Property,101447.37,2026-04-02,101447.37,Pledged,,,,,
COLL019188,L019188,Business Asset / Property,73636.36,2026-04-04,73636.36,Pledged,,,,,
COLL019204,L019204,Business Asset / Property,160813.95,2026-04-05,160813.95,Pledged,,,,,
COLL019208,L019208,Vehicle,291690.14,2026-04-05,291690.14,Pledged,,,,,
COLL019210,L019210,Vehicle,482911.39,2026-04-05,482911.39,Pledged,,,,,
COLL019216,L019216,Business Asset / Property,325375,2026-04-06,325375,Pledged,,,,,
COLL019231,L019231,Business Asset / Property,96931.82,2026-04-07,96931.82,Pledged,,,,,
COLL019236,L019236,Vehicle,562500,2026-04-08,562500,Pledged,,,,,
COLL019252,L019252,Vehicle,244382.02,2026-04-11,244382.02,Pledged,,,,,
COLL019262,L019262,Business Asset / Property,99887.64,2026-04-12,99887.64,Pledged,,,,,
COLL019267,L019267,Vehicle,488953.49,2026-04-13,488953.49,Pledged,,,,,
COLL019282,L019282,Business Asset / Property,1070281.69,2026-04-14,1070281.69,Pledged,,,,,
COLL019285,L019285,Vehicle,323253.01,2026-04-15,323253.01,Pledged,,,,,
COLL019303,L019303,Vehicle,318933.33,2026-04-16,318933.33,Pledged,,,,,
COLL019311,L019311,Vehicle,265000,2026-04-17,265000,Pledged,,,,,
COLL019334,L019334,Business Asset / Property,497441.86,2026-04-19,497441.86,Pledged,,,,,
COLL019358,L019358,Vehicle,867848.1,2026-04-22,867848.1,Pledged,,,,,
COLL019421,L019421,Vehicle,180476.19,2026-04-29,180476.19,Pledged,,,,,
COLL019422,L019422,Vehicle,1688169.01,2026-04-29,1688169.01,Pledged,,,,,
COLL019439,L019439,Vehicle,387954.55,2026-05-01,387954.55,Pledged,,,,,
COLL019446,L019446,Business Asset / Property,741379.31,2026-05-03,741379.31,Pledged,,,,,
COLL019448,L019448,Vehicle,405465.12,2026-05-03,405465.12,Pledged,,,,,
COLL019451,L019451,Business Asset / Property,263835.62,2026-05-03,263835.62,Pledged,,,,,
COLL019490,L019490,Vehicle,311333.33,2026-05-08,311333.33,Pledged,,,,,
COLL019500,L019500,Vehicle,351486.49,2026-05-09,351486.49,Pledged,,,,,
COLL019510,L019510,Vehicle,240253.16,2026-05-10,240253.16,Pledged,,,,,
COLL019558,L019558,Vehicle,1033375,2026-05-14,1033375,Pledged,,,,,
COLL019568,L019568,Business Asset / Property,65432.1,2026-05-15,65432.1,Pledged,,,,,
COLL019581,L019581,Vehicle,222584.27,2026-05-17,222584.27,Pledged,,,,,
COLL019599,L019599,Business Asset / Property,170113.64,2026-05-20,170113.64,Pledged,,,,,
COLL019619,L019619,Business Asset / Property,219078.95,2026-05-23,219078.95,Pledged,,,,,
COLL019625,L019625,Vehicle,434177.22,2026-05-24,434177.22,Pledged,,,,,
COLL019630,L019630,Business Asset / Property,401460.67,2026-05-25,401460.67,Pledged,,,,,
COLL019632,L019632,Vehicle,449647.06,2026-05-25,449647.06,Pledged,,,,,
COLL019642,L019642,Vehicle,1153555.56,2026-05-26,1153555.56,Pledged,,,,,
COLL019678,L019678,Vehicle,1150563.38,2026-05-30,1150563.38,Pledged,,,,,
COLL019700,L019700,Vehicle,779634.15,2026-06-01,779634.15,Pledged,,,,,
COLL019724,L019724,Business Asset / Property,220000,2026-06-03,220000,Pledged,,,,,
COLL019731,L019731,Business Asset / Property,200273.97,2026-06-04,200273.97,Pledged,,,,,
COLL019754,L019754,Business Asset / Property,308311.69,2026-06-06,308311.69,Pledged,,,,,
COLL019773,L019773,Business Asset / Property,212133.33,2026-06-09,212133.33,Pledged,,,,,
COLL019789,L019789,Vehicle,504880.95,2026-06-10,504880.95,Pledged,,,,,
COLL019796,L019796,Business Asset / Property,414935.06,2026-06-11,414935.06,Pledged,,,,,
COLL019799,L019799,Vehicle,251285.71,2026-06-11,251285.71,Pledged,,,,,
COLL019810,L019810,Vehicle,349500,2026-06-12,349500,Pledged,,,,,
COLL019824,L019824,Vehicle,436966.29,2026-06-14,436966.29,Pledged,,,,,
COLL019828,L019828,Business Asset / Property,651081.08,2026-06-15,651081.08,Pledged,,,,,
COLL019834,L019834,Vehicle,519756.1,2026-06-15,519756.1,Pledged,,,,,
COLL019843,L019843,Business Asset / Property,154285.71,2026-06-17,154285.71,Pledged,,,,,
COLL019861,L019861,Business Asset / Property,90224.72,2026-06-20,90224.72,Pledged,,,,,
COLL019872,L019872,Vehicle,703595.51,2026-06-22,703595.51,Pledged,,,,,
COLL019907,L019907,Vehicle,265342.47,2026-06-26,265342.47,Pledged,,,,,
COLL019917,L019917,Vehicle,814567.9,2026-06-26,814567.9,Pledged,,,,,
COLL019919,L019919,Business Asset / Property,296351.35,2026-06-27,296351.35,Pledged,,,,,
COLL019921,L019921,Business Asset / Property,578611.11,2026-06-27,578611.11,Pledged,,,,,
COLL019926,L019926,Business Asset / Property,302631.58,2026-06-28,302631.58,Pledged,,,,,
COLL019930,L019930,Business Asset / Property,142261.9,2026-06-29,142261.9,Pledged,,,,,
COLL019964,L019964,Vehicle,287945.21,2026-07-02,287945.21,Pledged,,,,,
COLL019967,L019967,Vehicle,270533.33,2026-07-03,270533.33,Pledged,,,,,
COLL019973,L019973,Vehicle,559431.82,2026-07-04,559431.82,Pledged,,,,,
COLL020000,L020000,Business Asset / Property,67662.34,2026-07-08,67662.34,Pledged,,,,,
