recovery_id,loan_id,recovery_date,recovery_source,gross_recovery_amount,principal_recovery,interest_recovery,fee_recovery,source_reference
REC000003001,L000003,2021-02-20,Settlement,124257.1,124257.1,0,0,SETTLE-000003
REC000005001,L000005,2021-08-21,Settlement,72771.9,72771.9,0,0,SETTLE-000005
REC000007001,L000007,2021-12-21,Settlement,58463.5,58463.5,0,0,SETTLE-000007
REC000017001,L000017,2022-05-23,Settlement,189407.14,189407.14,0,0,SETTLE-000017
REC000018001,L000018,2023-01-23,Settlement,37756.64,37756.64,0,0,SETTLE-000018
REC000024001,L000024,2021-12-23,Settlement,68411.6,68411.6,0,0,SETTLE-000024
REC000027001,L000027,2021-04-24,Settlement,210909.91,210909.91,0,0,SETTLE-000027
REC000063001,L000063,2021-08-26,Settlement,15105.46,15105.46,0,0,SETTLE-000063
REC000072001,L000072,2023-08-20,Legal Recovery,2524.06,2524.06,0,0,LEGAL-000072
REC000077001,L000077,2022-01-28,Settlement,51960.99,51960.99,0,0,SETTLE-000077
REC000080001,L000080,2021-02-28,Settlement,43668.65,43668.65,0,0,SETTLE-000080
REC000083001,L000083,2021-08-28,Settlement,45173.54,45173.54,0,0,SETTLE-000083
REC000092001,L000092,2021-05-29,Settlement,87563.21,87563.21,0,0,SETTLE-000092
REC000107001,L000107,2021-04-19,Collateral Liquidation,379315.54,379315.54,0,0,COLL000107
REC000107002,L000107,2021-06-22,Legal Recovery,76571.12,76571.12,0,0,LEGAL-000107
REC000112001,L000112,2022-05-31,Settlement,73700.21,73700.21,0,0,SETTLE-000112
REC000113001,L000113,2024-07-01,Settlement,63657.18,63657.18,0,0,SETTLE-000113
REC000114001,L000114,2021-10-01,Settlement,96217.85,96217.85,0,0,SETTLE-000114
REC000116001,L000116,2021-03-31,Settlement,132144.23,132144.23,0,0,SETTLE-000116
REC000121001,L000121,2022-08-31,Settlement,47149.57,47149.57,0,0,SETTLE-000121
REC000130001,L000130,2021-06-01,Settlement,58718.61,58718.61,0,0,SETTLE-000130
REC000141001,L000141,2024-03-04,Settlement,20143.39,20143.39,0,0,SETTLE-000141
REC000153001,L000153,2022-05-05,Settlement,359592.41,359592.41,0,0,SETTLE-000153
REC000155001,L000155,2023-01-04,Settlement,4706.03,4706.03,0,0,SETTLE-000155
REC000158001,L000158,2022-04-04,Settlement,71216.19,71216.19,0,0,SETTLE-000158
REC000167001,L000167,2022-04-05,Settlement,8327.41,8327.41,0,0,SETTLE-000167
REC000182001,L000182,2022-07-08,Settlement,37628.58,37628.58,0,0,SETTLE-000182
REC000194001,L000194,2022-03-11,Settlement,25582.88,25582.88,0,0,SETTLE-000194
REC000196001,L000196,2022-05-09,Settlement,11570.33,11570.33,0,0,SETTLE-000196
REC000206001,L000206,2022-05-10,Settlement,18520.52,18520.52,0,0,SETTLE-000206
REC000207001,L000207,2021-05-10,Settlement,115332.65,115332.65,0,0,SETTLE-000207
REC000208001,L000208,2021-03-12,Settlement,104540.82,104540.82,0,0,SETTLE-000208
REC000209001,L000209,2021-03-12,Settlement,83025.64,83025.64,0,0,SETTLE-000209
REC000212001,L000212,2021-04-09,Settlement,16115.56,16115.56,0,0,SETTLE-000212
REC000215001,L000215,2022-04-01,Collateral Liquidation,242493.14,242493.14,0,0,COLL000215
REC000234001,L000234,2023-12-12,Settlement,667.42,667.42,0,0,SETTLE-000234
REC000247001,L000247,2023-02-12,Settlement,9370.71,9370.71,0,0,SETTLE-000247
REC000256001,L000256,2023-07-13,Settlement,12810.66,12810.66,0,0,SETTLE-000256
REC000259001,L000259,2022-05-14,Settlement,21805.49,21805.49,0,0,SETTLE-000259
REC000262001,L000262,2021-04-13,Settlement,83659.3,83659.3,0,0,SETTLE-000262
REC000263001,L000263,2021-06-13,Settlement,31397.95,31397.95,0,0,SETTLE-000263
REC000265001,L000265,2021-10-14,Settlement,101214.02,101214.02,0,0,SETTLE-000265
REC000267001,L000267,2025-01-02,Legal Recovery,92.32,92.32,0,0,LEGAL-000267
REC000271001,L000271,2021-11-14,Settlement,28162.32,28162.32,0,0,SETTLE-000271
REC000273001,L000273,2022-07-15,Settlement,12705.82,12705.82,0,0,SETTLE-000273
REC000278001,L000278,2022-04-14,Settlement,11440.53,11440.53,0,0,SETTLE-000278
REC000281001,L000281,2022-06-14,Settlement,13126.53,13126.53,0,0,SETTLE-000281
REC000288001,L000288,2022-10-15,Settlement,2856.18,2856.18,0,0,SETTLE-000288
REC000292001,L000292,2023-04-15,Settlement,4091.77,4091.77,0,0,SETTLE-000292
REC000296001,L000296,2022-03-16,Settlement,9998.41,9998.41,0,0,SETTLE-000296
REC000307001,L000307,2022-03-17,Settlement,55666.79,55666.79,0,0,SETTLE-000307
REC000311001,L000311,2022-12-17,Settlement,26677.84,26677.84,0,0,SETTLE-000311
REC000315001,L000315,2021-12-18,Settlement,26848.97,26848.97,0,0,SETTLE-000315
REC000317001,L000317,2023-06-28,Collateral Liquidation,922510.1,536482.13,386027.97,0,COLL000317
REC000320001,L000320,2022-01-18,Settlement,17049.67,17049.67,0,0,SETTLE-000320
REC000325001,L000325,2021-07-18,Settlement,22809.3,22809.3,0,0,SETTLE-000325
REC000330001,L000330,2021-12-18,Settlement,35130.57,35130.57,0,0,SETTLE-000330
REC000344001,L000344,2021-03-20,Settlement,110738.52,110738.52,0,0,SETTLE-000344
REC000346001,L000346,2021-04-20,Settlement,26910.14,26910.14,0,0,SETTLE-000346
REC000353001,L000353,2021-09-20,Settlement,26138.59,26138.59,0,0,SETTLE-000353
REC000354001,L000354,2021-10-20,Settlement,26595.16,26595.16,0,0,SETTLE-000354
REC000369001,L000369,2021-03-22,Settlement,96372.43,96372.43,0,0,SETTLE-000369
REC000371001,L000371,2023-11-22,Settlement,9663.62,9663.62,0,0,SETTLE-000371
REC000379001,L000379,2021-09-22,Settlement,51454.24,51454.24,0,0,SETTLE-000379
REC000380001,L000380,2023-11-23,Settlement,15523.43,15523.43,0,0,SETTLE-000380
REC000384001,L000384,2021-08-23,Settlement,67635.18,67635.18,0,0,SETTLE-000384
REC000385001,L000385,2021-06-23,Settlement,32938.53,32938.53,0,0,SETTLE-000385
REC000390001,L000390,2022-11-23,Settlement,21900.17,21900.17,0,0,SETTLE-000390
REC000397001,L000397,2021-12-24,Settlement,80950.15,80950.15,0,0,SETTLE-000397
REC000410001,L000410,2021-12-25,Settlement,88464.03,88464.03,0,0,SETTLE-000410
REC000416001,L000416,2021-09-26,Settlement,19311.19,19311.19,0,0,SETTLE-000416
REC000419001,L000419,2021-09-27,Settlement,67359.28,67359.28,0,0,SETTLE-000419
REC000420001,L000420,2023-02-27,Settlement,34923.59,34923.59,0,0,SETTLE-000420
REC000424001,L000424,2023-09-12,Legal Recovery,1577.13,1577.13,0,0,LEGAL-000424
REC000428001,L000428,2021-03-28,Settlement,73465.57,73465.57,0,0,SETTLE-000428
REC000435001,L000435,2023-10-28,Settlement,12162.07,12162.07,0,0,SETTLE-000435
REC000444001,L000444,2021-05-29,Settlement,87208.8,87208.8,0,0,SETTLE-000444
REC000450001,L000450,2022-10-29,Settlement,95539.76,95539.76,0,0,SETTLE-000450
REC000452001,L000452,2021-03-29,Settlement,12279.28,12279.28,0,0,SETTLE-000452
REC000453001,L000453,2021-04-29,Settlement,76973.39,76973.39,0,0,SETTLE-000453
REC000489001,L000489,2022-04-01,Settlement,78740.59,78740.59,0,0,SETTLE-000489
REC000500001,L000500,2023-07-03,Settlement,15630.31,15630.31,0,0,SETTLE-000500
REC000503001,L000503,2026-01-02,Settlement,0,0,0,0,SETTLE-000503
REC000514001,L000514,2021-04-03,Settlement,251944.48,251944.48,0,0,SETTLE-000514
REC000515001,L000515,2022-05-04,Settlement,2588.42,2588.42,0,0,SETTLE-000515
REC000517001,L000517,2022-02-16,Collateral Liquidation,180382.36,180232.95,149.41,0,COLL000517
REC000523001,L000523,2022-11-04,Settlement,19797.45,19797.45,0,0,SETTLE-000523
REC000542001,L000542,2023-02-07,Settlement,158618.21,158618.21,0,0,SETTLE-000542
REC000543001,L000543,2021-11-07,Settlement,16366.62,16366.62,0,0,SETTLE-000543
REC000547001,L000547,2022-01-07,Settlement,5099.6,5099.6,0,0,SETTLE-000547
REC000551001,L000551,2021-05-09,Settlement,70213.86,70213.86,0,0,SETTLE-000551
REC000552001,L000552,2024-10-09,Settlement,7001.23,7001.23,0,0,SETTLE-000552
REC000554001,L000554,2021-12-09,Settlement,114353.9,114353.9,0,0,SETTLE-000554
REC000562001,L000562,2021-06-24,Collateral Liquidation,164275.97,164275.97,0,0,COLL000562
REC000581001,L000581,2021-04-11,Settlement,35453.9,35453.9,0,0,SETTLE-000581
REC000584001,L000584,2021-05-12,Settlement,38241.13,38241.13,0,0,SETTLE-000584
REC000600001,L000600,2023-12-16,Settlement,46570.8,46570.8,0,0,SETTLE-000600
REC000610001,L000610,2021-12-23,Legal Recovery,690.11,690.11,0,0,LEGAL-000610
REC000631001,L000631,2022-01-06,Collateral Liquidation,479352.02,479352.02,0,0,COLL000631
REC000644001,L000644,2021-11-20,Settlement,24226.21,24226.21,0,0,SETTLE-000644
REC000647001,L000647,2021-06-21,Settlement,208115.41,208115.41,0,0,SETTLE-000647
REC000653001,L000653,2025-05-21,Settlement,9081.96,9081.96,0,0,SETTLE-000653
REC000656001,L000656,2023-07-21,Settlement,5362.32,5362.32,0,0,SETTLE-000656
REC000658001,L000658,2022-12-21,Settlement,1161.58,1161.58,0,0,SETTLE-000658
REC000659001,L000659,2022-01-21,Settlement,48416,48416,0,0,SETTLE-000659
REC000675001,L000675,2021-08-22,Settlement,178610.47,178610.47,0,0,SETTLE-000675
REC000681001,L000681,2021-06-23,Settlement,54811.19,54811.19,0,0,SETTLE-000681
REC000691001,L000691,2022-11-24,Settlement,4434.52,4434.52,0,0,SETTLE-000691
REC000693001,L000693,2024-05-24,Settlement,57261.29,57261.29,0,0,SETTLE-000693
REC000696001,L000696,2021-08-24,Settlement,460073.24,460073.24,0,0,SETTLE-000696
REC000698001,L000698,2021-10-24,Settlement,55815.94,55815.94,0,0,SETTLE-000698
REC000700001,L000700,2021-06-24,Settlement,27045.83,27045.83,0,0,SETTLE-000700
REC000702001,L000702,2021-05-25,Settlement,78945.25,78945.25,0,0,SETTLE-000702
REC000704001,L000704,2022-06-30,Legal Recovery,43313.46,43313.46,0,0,LEGAL-000704
REC000706001,L000706,2022-03-25,Settlement,54012.35,54012.35,0,0,SETTLE-000706
REC000714001,L000714,2021-11-26,Legal Recovery,5782.78,5782.78,0,0,LEGAL-000714
REC000721001,L000721,2022-04-26,Settlement,41796.65,41796.65,0,0,SETTLE-000721
REC000722001,L000722,2022-11-27,Settlement,19386.68,19386.68,0,0,SETTLE-000722
REC000723001,L000723,2021-06-27,Settlement,84542.86,84542.86,0,0,SETTLE-000723
REC000725001,L000725,2025-04-27,Settlement,68568.62,68568.62,0,0,SETTLE-000725
REC000738001,L000738,2021-05-28,Settlement,44713.43,44713.43,0,0,SETTLE-000738
REC000748001,L000748,2021-04-29,Settlement,57116,57116,0,0,SETTLE-000748
REC000751001,L000751,2021-04-29,Settlement,90407.35,90407.35,0,0,SETTLE-000751
REC000755001,L000755,2021-07-30,Settlement,80198.13,80198.13,0,0,SETTLE-000755
REC000756001,L000756,2022-10-30,Settlement,73474.23,73474.23,0,0,SETTLE-000756
REC000766001,L000766,2021-10-30,Settlement,6873.44,6873.44,0,0,SETTLE-000766
REC000770001,L000770,2021-10-31,Settlement,26541.52,26541.52,0,0,SETTLE-000770
REC000776001,L000776,2022-05-31,Settlement,59763.13,59763.13,0,0,SETTLE-000776
REC000777001,L000777,2022-01-31,Settlement,28570.66,28570.66,0,0,SETTLE-000777
REC000802001,L000802,2022-05-03,Settlement,113241.33,113241.33,0,0,SETTLE-000802
REC000812001,L000812,2022-08-03,Settlement,41287.54,41287.54,0,0,SETTLE-000812
REC000814001,L000814,2021-10-04,Settlement,20796.77,20796.77,0,0,SETTLE-000814
REC000816001,L000816,2022-01-03,Settlement,18646,18646,0,0,SETTLE-000816
REC000818001,L000818,2022-07-04,Settlement,63325.8,63325.8,0,0,SETTLE-000818
REC000833001,L000833,2022-01-06,Settlement,15605.27,15605.27,0,0,SETTLE-000833
REC000835001,L000835,2022-10-07,Settlement,27375.58,27375.58,0,0,SETTLE-000835
REC000847001,L000847,2021-08-07,Settlement,27581.19,27581.19,0,0,SETTLE-000847
REC000848001,L000848,2024-01-07,Settlement,34240.05,34240.05,0,0,SETTLE-000848
REC000857001,L000857,2021-12-09,Settlement,13017.2,13017.2,0,0,SETTLE-000857
REC000872001,L000872,2023-01-09,Settlement,77761.32,77761.32,0,0,SETTLE-000872
REC000874001,L000874,2021-11-09,Settlement,130365.58,130365.58,0,0,SETTLE-000874
REC000876001,L000876,2021-10-10,Settlement,20480.13,20480.13,0,0,SETTLE-000876
REC000883001,L000883,2021-09-03,Collateral Liquidation,178062.13,178062.13,0,0,COLL000883
REC000886001,L000886,2022-12-11,Settlement,94721.17,94721.17,0,0,SETTLE-000886
REC000888001,L000888,2022-06-10,Settlement,45601.54,45601.54,0,0,SETTLE-000888
REC000889001,L000889,2023-03-13,Settlement,3966.54,3966.54,0,0,SETTLE-000889
REC000904001,L000904,2023-01-12,Settlement,28457.97,28457.97,0,0,SETTLE-000904
REC000905001,L000905,2022-04-12,Settlement,19193.1,19193.1,0,0,SETTLE-000905
REC000906001,L000906,2022-08-12,Settlement,23567.09,23567.09,0,0,SETTLE-000906
REC000910001,L000910,2021-11-12,Settlement,79007.84,79007.84,0,0,SETTLE-000910
REC000921001,L000921,2021-06-14,Settlement,127474.93,127474.93,0,0,SETTLE-000921
REC000930001,L000930,2022-07-15,Settlement,14185.71,14185.71,0,0,SETTLE-000930
REC000961001,L000961,2021-11-17,Settlement,69514.34,69514.34,0,0,SETTLE-000961
REC000987001,L000987,2022-07-20,Settlement,19227.69,19227.69,0,0,SETTLE-000987
REC001028001,L001028,2023-07-24,Settlement,37960.66,37960.66,0,0,SETTLE-001028
REC001029001,L001029,2023-08-24,Settlement,4865.68,4865.68,0,0,SETTLE-001029
REC001030001,L001030,2022-12-24,Settlement,87648.71,87648.71,0,0,SETTLE-001030
REC001056001,L001056,2022-01-26,Settlement,6122.73,6122.73,0,0,SETTLE-001056
REC001057001,L001057,2021-12-27,Settlement,47606.1,47606.1,0,0,SETTLE-001057
REC001065001,L001065,2024-01-27,Settlement,19772.59,19772.59,0,0,SETTLE-001065
REC001068001,L001068,2021-12-28,Settlement,22716.45,22716.45,0,0,SETTLE-001068
REC001080001,L001080,2021-07-29,Settlement,120764.25,120764.25,0,0,SETTLE-001080
REC001084001,L001084,2022-04-29,Settlement,14557.05,14557.05,0,0,SETTLE-001084
REC001088001,L001088,2023-06-30,Settlement,5072.66,5072.66,0,0,SETTLE-001088
REC001097001,L001097,2022-03-30,Settlement,28813.69,28813.69,0,0,SETTLE-001097
REC001110001,L001110,2021-11-01,Settlement,77565.71,77565.71,0,0,SETTLE-001110
REC001112001,L001112,2024-06-01,Settlement,4989.77,4989.77,0,0,SETTLE-001112
REC001115001,L001115,2021-09-01,Settlement,350434.09,350434.09,0,0,SETTLE-001115
REC001116001,L001116,2022-10-02,Settlement,17018.4,17018.4,0,0,SETTLE-001116
REC001120001,L001120,2021-12-03,Settlement,146815.71,146815.71,0,0,SETTLE-001120
REC001122001,L001122,2021-07-03,Settlement,22196.28,22196.28,0,0,SETTLE-001122
REC001123001,L001123,2021-09-12,Legal Recovery,17475.51,17475.51,0,0,LEGAL-001123
REC001130001,L001130,2021-06-03,Settlement,18187.95,18187.95,0,0,SETTLE-001130
REC001140001,L001140,2022-01-05,Settlement,55101.24,55101.24,0,0,SETTLE-001140
REC001141001,L001141,2021-08-07,Legal Recovery,8951.6,8951.6,0,0,LEGAL-001141
REC001143001,L001143,2021-06-06,Settlement,30270.3,30270.3,0,0,SETTLE-001143
REC001158001,L001158,2022-08-08,Settlement,77509.2,77509.2,0,0,SETTLE-001158
REC001159001,L001159,2022-03-11,Settlement,82507.29,82507.29,0,0,SETTLE-001159
REC001164001,L001164,2022-01-24,Collateral Liquidation,161869.77,152603.27,9266.5,0,COLL001164
REC001170001,L001170,2023-07-11,Settlement,30053.25,30053.25,0,0,SETTLE-001170
REC001173001,L001173,2022-03-22,Legal Recovery,10451.02,10451.02,0,0,LEGAL-001173
REC001184001,L001184,2024-01-12,Settlement,66746.62,66746.62,0,0,SETTLE-001184
REC001196001,L001196,2021-11-03,Legal Recovery,10948.27,10948.27,0,0,LEGAL-001196
REC001197001,L001197,2021-12-14,Settlement,56353.43,56353.43,0,0,SETTLE-001197
REC001206001,L001206,2023-02-14,Settlement,4175.5,4175.5,0,0,SETTLE-001206
REC001209001,L001209,2022-02-14,Settlement,37671.4,37671.4,0,0,SETTLE-001209
REC001212001,L001212,2021-08-14,Settlement,15514.77,15514.77,0,0,SETTLE-001212
REC001216001,L001216,2024-11-14,Settlement,1174.7,1174.7,0,0,SETTLE-001216
REC001229001,L001229,2023-06-30,Legal Recovery,6798.56,6798.56,0,0,LEGAL-001229
REC001235001,L001235,2022-02-18,Settlement,17224.29,17224.29,0,0,SETTLE-001235
REC001247001,L001247,2021-10-18,Settlement,14817.31,14817.31,0,0,SETTLE-001247
REC001249001,L001249,2023-04-19,Settlement,26262.88,26262.88,0,0,SETTLE-001249
REC001253001,L001253,2022-06-19,Settlement,10583.31,10583.31,0,0,SETTLE-001253
REC001272001,L001272,2021-09-21,Settlement,57931.13,57931.13,0,0,SETTLE-001272
REC001277001,L001277,2021-07-22,Settlement,211746.83,211746.83,0,0,SETTLE-001277
REC001281001,L001281,2021-08-22,Collateral Liquidation,125063.77,125063.77,0,0,COLL001281
REC001290001,L001290,2021-10-22,Settlement,19228.13,19228.13,0,0,SETTLE-001290
REC001296001,L001296,2022-12-23,Settlement,38593.77,38593.77,0,0,SETTLE-001296
REC001300001,L001300,2022-07-23,Settlement,25162.09,25162.09,0,0,SETTLE-001300
REC001311001,L001311,2022-04-25,Settlement,41878.12,41878.12,0,0,SETTLE-001311
REC001312001,L001312,2021-10-28,Legal Recovery,10209.2,10209.2,0,0,LEGAL-001312
REC001316001,L001316,2022-10-25,Settlement,17225.49,17225.49,0,0,SETTLE-001316
REC001317001,L001317,2023-06-29,Collateral Liquidation,223623.37,148091.11,75532.26,0,COLL001317
REC001320001,L001320,2021-12-04,Legal Recovery,25324.44,25324.44,0,0,LEGAL-001320
REC001334001,L001334,2023-02-27,Settlement,132622.05,132622.05,0,0,SETTLE-001334
REC001338001,L001338,2021-08-27,Settlement,108535.84,108535.84,0,0,SETTLE-001338
REC001341001,L001341,2022-06-27,Settlement,143346.78,143346.78,0,0,SETTLE-001341
REC001342001,L001342,2022-05-27,Settlement,29412.55,29412.55,0,0,SETTLE-001342
REC001344001,L001344,2021-10-27,Settlement,42642.93,42642.93,0,0,SETTLE-001344
REC001345001,L001345,2022-12-28,Settlement,104377.99,104377.99,0,0,SETTLE-001345
REC001353001,L001353,2022-04-29,Settlement,16316.02,16316.02,0,0,SETTLE-001353
REC001362001,L001362,2024-04-30,Settlement,62613.64,62613.64,0,0,SETTLE-001362
REC001365001,L001365,2021-07-30,Settlement,68606.48,68606.48,0,0,SETTLE-001365
REC001371001,L001371,2021-12-01,Settlement,74928.23,74928.23,0,0,SETTLE-001371
REC001393001,L001393,2021-08-02,Settlement,109929.11,109929.11,0,0,SETTLE-001393
REC001407001,L001407,2021-12-04,Settlement,45753.29,45753.29,0,0,SETTLE-001407
REC001419001,L001419,2023-02-05,Settlement,25125.62,25125.62,0,0,SETTLE-001419
REC001424001,L001424,2021-07-06,Settlement,128142.45,128142.45,0,0,SETTLE-001424
REC001427001,L001427,2022-02-06,Settlement,23664.33,23664.33,0,0,SETTLE-001427
REC001429001,L001429,2021-09-04,Collateral Liquidation,153435.23,153435.23,0,0,COLL001429
REC001430001,L001430,2021-11-06,Settlement,104077.05,104077.05,0,0,SETTLE-001430
REC001437001,L001437,2023-08-07,Settlement,0,0,0,0,SETTLE-001437
REC001447001,L001447,2023-01-08,Settlement,31557.65,31557.65,0,0,SETTLE-001447
REC001448001,L001448,2022-03-05,Legal Recovery,24668.17,24668.17,0,0,LEGAL-001448
REC001451001,L001451,2021-12-02,Legal Recovery,12989.94,12989.94,0,0,LEGAL-001451
REC001455001,L001455,2022-04-09,Settlement,39304.47,39304.47,0,0,SETTLE-001455
REC001464001,L001464,2022-02-10,Settlement,27789.09,27789.09,0,0,SETTLE-001464
REC001468001,L001468,2025-06-10,Settlement,5726.13,5726.13,0,0,SETTLE-001468
REC001483001,L001483,2022-01-11,Settlement,135789.76,135789.76,0,0,SETTLE-001483
REC001489001,L001489,2024-10-22,Legal Recovery,8765.17,8765.17,0,0,LEGAL-001489
REC001490001,L001490,2023-12-13,Settlement,33361.98,33361.98,0,0,SETTLE-001490
REC001492001,L001492,2022-06-12,Settlement,14835.67,14835.67,0,0,SETTLE-001492
REC001518001,L001518,2023-12-04,Collateral Liquidation,495485.88,335079.23,160406.65,0,COLL001518
REC001518002,L001518,2023-12-24,Legal Recovery,63582.57,63582.57,0,0,LEGAL-001518
REC001523001,L001523,2022-03-15,Settlement,22095.4,22095.4,0,0,SETTLE-001523
REC001525001,L001525,2021-07-16,Settlement,46637.11,46637.11,0,0,SETTLE-001525
REC001539001,L001539,2022-08-17,Settlement,25974.02,25974.02,0,0,SETTLE-001539
REC001549001,L001549,2022-02-18,Settlement,98051,98051,0,0,SETTLE-001549
REC001566001,L001566,2021-10-19,Settlement,159480.14,159480.14,0,0,SETTLE-001566
REC001567001,L001567,2022-08-19,Settlement,14661.91,14661.91,0,0,SETTLE-001567
REC001577001,L001577,2022-09-20,Settlement,32277.1,32277.1,0,0,SETTLE-001577
REC001586001,L001586,2022-12-20,Settlement,18902.21,18902.21,0,0,SETTLE-001586
REC001594001,L001594,2021-12-21,Settlement,16117.26,16117.26,0,0,SETTLE-001594
REC001596001,L001596,2022-12-19,Legal Recovery,6476.89,6476.89,0,0,LEGAL-001596
REC001598001,L001598,2022-06-21,Settlement,70941.19,70941.19,0,0,SETTLE-001598
REC001609001,L001609,2023-01-20,Legal Recovery,2464.93,2464.93,0,0,LEGAL-001609
REC001615001,L001615,2021-12-24,Settlement,68235.13,68235.13,0,0,SETTLE-001615
REC001623001,L001623,2022-03-24,Settlement,38362.74,38362.74,0,0,SETTLE-001623
REC001625001,L001625,2023-01-24,Settlement,24222.62,24222.62,0,0,SETTLE-001625
REC001632001,L001632,2022-12-25,Settlement,22552.19,22552.19,0,0,SETTLE-001632
REC001635001,L001635,2023-11-25,Settlement,33813.85,33813.85,0,0,SETTLE-001635
REC001636001,L001636,2024-04-26,Settlement,8302.45,8302.45,0,0,SETTLE-001636
REC001639001,L001639,2022-02-26,Settlement,66049.62,66049.62,0,0,SETTLE-001639
REC001644001,L001644,2023-09-27,Settlement,9956.89,9956.89,0,0,SETTLE-001644
REC001645001,L001645,2021-10-27,Settlement,58253.13,58253.13,0,0,SETTLE-001645
REC001650001,L001650,2022-01-28,Settlement,21709.32,21709.32,0,0,SETTLE-001650
REC001655001,L001655,2022-01-28,Settlement,55053.65,55053.65,0,0,SETTLE-001655
REC001663001,L001663,2023-07-28,Settlement,13091.12,13091.12,0,0,SETTLE-001663
REC001665001,L001665,2022-05-28,Settlement,59261.44,59261.44,0,0,SETTLE-001665
REC001673001,L001673,2022-09-29,Settlement,0,0,0,0,SETTLE-001673
REC001691001,L001691,2021-08-31,Settlement,195314.54,195314.54,0,0,SETTLE-001691
REC001695001,L001695,2022-06-01,Settlement,39121.51,39121.51,0,0,SETTLE-001695
REC001699001,L001699,2024-04-01,Settlement,60059.57,60059.57,0,0,SETTLE-001699
REC001701001,L001701,2023-04-02,Settlement,119130.02,119130.02,0,0,SETTLE-001701
REC001713001,L001713,2022-12-04,Settlement,19029.26,19029.26,0,0,SETTLE-001713
REC001715001,L001715,2025-05-21,Legal Recovery,936.62,936.62,0,0,LEGAL-001715
REC001716001,L001716,2021-09-23,Collateral Liquidation,221174.25,221174.25,0,0,COLL001716
REC001719001,L001719,2021-10-04,Settlement,76905.53,76905.53,0,0,SETTLE-001719
REC001729001,L001729,2022-11-30,Legal Recovery,6249.36,6249.36,0,0,LEGAL-001729
REC001730001,L001730,2024-02-05,Settlement,90414.24,90414.24,0,0,SETTLE-001730
REC001749001,L001749,2022-03-10,Settlement,83853.06,83853.06,0,0,SETTLE-001749
REC001759001,L001759,2021-12-15,Legal Recovery,2116.31,2116.31,0,0,LEGAL-001759
REC001763001,L001763,2021-09-08,Settlement,109156.45,109156.45,0,0,SETTLE-001763
REC001767001,L001767,2023-02-08,Settlement,43351.62,43351.62,0,0,SETTLE-001767
REC001768001,L001768,2021-08-09,Settlement,51941.15,51941.15,0,0,SETTLE-001768
REC001769001,L001769,2021-10-10,Settlement,79890.46,79890.46,0,0,SETTLE-001769
REC001776001,L001776,2022-09-10,Settlement,26423.34,26423.34,0,0,SETTLE-001776
REC001782001,L001782,2021-08-10,Settlement,33537.4,33537.4,0,0,SETTLE-001782
REC001785001,L001785,2023-12-12,Settlement,66236.97,66236.97,0,0,SETTLE-001785
REC001786001,L001786,2021-09-11,Settlement,13464.98,13464.98,0,0,SETTLE-001786
REC001792001,L001792,2023-12-11,Legal Recovery,10232.09,10232.09,0,0,LEGAL-001792
REC001793001,L001793,2021-11-06,Legal Recovery,3527.01,3527.01,0,0,LEGAL-001793
REC001794001,L001794,2021-12-13,Settlement,8939.27,8939.27,0,0,SETTLE-001794
REC001797001,L001797,2022-09-12,Settlement,37818.92,37818.92,0,0,SETTLE-001797
REC001802001,L001802,2022-02-13,Settlement,13741.87,13741.87,0,0,SETTLE-001802
REC001806001,L001806,2021-10-14,Settlement,150768.46,150768.46,0,0,SETTLE-001806
REC001817001,L001817,2021-09-14,Settlement,100426.44,100426.44,0,0,SETTLE-001817
REC001819001,L001819,2023-07-15,Settlement,12446.11,12446.11,0,0,SETTLE-001819
REC001820001,L001820,2024-05-16,Settlement,4980.56,4980.56,0,0,SETTLE-001820
REC001828001,L001828,2021-12-25,Legal Recovery,8983.18,8983.18,0,0,LEGAL-001828
REC001833001,L001833,2023-01-18,Settlement,25198.96,25198.96,0,0,SETTLE-001833
REC001838001,L001838,2022-01-18,Settlement,16893.08,16893.08,0,0,SETTLE-001838
REC001846001,L001846,2022-11-19,Settlement,6009.96,6009.96,0,0,SETTLE-001846
REC001852001,L001852,2022-02-20,Settlement,50452.34,50452.34,0,0,SETTLE-001852
REC001853001,L001853,2022-02-20,Settlement,24254.62,24254.62,0,0,SETTLE-001853
REC001856001,L001856,2024-03-21,Settlement,38291.06,38291.06,0,0,SETTLE-001856
REC001861001,L001861,2022-04-01,Legal Recovery,4344.43,4344.43,0,0,LEGAL-001861
REC001862001,L001862,2022-10-21,Settlement,16240.32,16240.32,0,0,SETTLE-001862
REC001866001,L001866,2022-08-22,Settlement,15281.93,15281.93,0,0,SETTLE-001866
REC001871001,L001871,2023-12-23,Settlement,110965.84,110965.84,0,0,SETTLE-001871
REC001881001,L001881,2021-08-24,Settlement,31856.49,31856.49,0,0,SETTLE-001881
REC001885001,L001885,2022-06-25,Settlement,14994.2,14994.2,0,0,SETTLE-001885
REC001889001,L001889,2022-04-25,Settlement,227745.42,227745.42,0,0,SETTLE-001889
REC001900001,L001900,2023-03-27,Settlement,10906.32,10906.32,0,0,SETTLE-001900
REC001910001,L001910,2024-04-28,Settlement,93027.71,93027.71,0,0,SETTLE-001910
REC001911001,L001911,2022-06-28,Settlement,20264.35,20264.35,0,0,SETTLE-001911
REC001916001,L001916,2021-08-29,Settlement,36659.09,36659.09,0,0,SETTLE-001916
REC001920001,L001920,2021-08-30,Settlement,98873.5,98873.5,0,0,SETTLE-001920
REC001921001,L001921,2022-04-20,Legal Recovery,9793.04,9793.04,0,0,LEGAL-001921
REC001923001,L001923,2022-03-02,Settlement,76282.56,76282.56,0,0,SETTLE-001923
REC001924001,L001924,2023-09-30,Settlement,26078.09,26078.09,0,0,SETTLE-001924
REC001927001,L001927,2023-12-31,Settlement,8992.39,8992.39,0,0,SETTLE-001927
REC001929001,L001929,2022-07-31,Settlement,98521.83,98521.83,0,0,SETTLE-001929
REC001935001,L001935,2023-12-01,Settlement,379321.83,379321.83,0,0,SETTLE-001935
REC001950001,L001950,2022-07-02,Settlement,29700.02,29700.02,0,0,SETTLE-001950
REC001951001,L001951,2022-11-01,Settlement,11474.56,11474.56,0,0,SETTLE-001951
REC001953001,L001953,2023-10-03,Settlement,124715.84,124715.84,0,0,SETTLE-001953
REC001956001,L001956,2022-03-05,Settlement,4031.52,4031.52,0,0,SETTLE-001956
REC001959001,L001959,2023-11-02,Settlement,7293.86,7293.86,0,0,SETTLE-001959
REC001965001,L001965,2022-07-09,Collateral Liquidation,629275.97,629275.97,0,0,COLL001965
REC001966001,L001966,2023-02-03,Settlement,121251.4,121251.4,0,0,SETTLE-001966
REC001967001,L001967,2023-01-03,Settlement,32127.28,32127.28,0,0,SETTLE-001967
REC001968001,L001968,2023-11-03,Settlement,18489.11,18489.11,0,0,SETTLE-001968
REC001969001,L001969,2022-04-03,Settlement,52601.82,52601.82,0,0,SETTLE-001969
REC001970001,L001970,2022-12-05,Settlement,17509.33,17509.33,0,0,SETTLE-001970
REC001972001,L001972,2022-10-05,Settlement,56515.11,56515.11,0,0,SETTLE-001972
REC001975001,L001975,2022-10-05,Settlement,133461.72,133461.72,0,0,SETTLE-001975
REC001984001,L001984,2025-07-24,Collateral Liquidation,135547.37,70432.24,65115.13,0,COLL001984
REC001989001,L001989,2023-03-08,Settlement,100725.97,100725.97,0,0,SETTLE-001989
REC001998001,L001998,2023-02-26,Collateral Liquidation,345973.58,200126.99,145846.59,0,COLL001998
REC002013001,L002013,2023-04-07,Settlement,32589.23,32589.23,0,0,SETTLE-002013
REC002021001,L002021,2023-04-02,Legal Recovery,9086.64,9086.64,0,0,LEGAL-002021
REC002022001,L002022,2022-01-08,Settlement,16670.87,16670.87,0,0,SETTLE-002022
REC002025001,L002025,2026-01-08,Settlement,2135.85,2135.85,0,0,SETTLE-002025
REC002028001,L002028,2022-02-08,Settlement,150515.03,150515.03,0,0,SETTLE-002028
REC002030001,L002030,2022-04-09,Settlement,108870.78,108870.78,0,0,SETTLE-002030
REC002036001,L002036,2022-04-10,Settlement,36939.59,36939.59,0,0,SETTLE-002036
REC002040001,L002040,2024-01-10,Settlement,18757.34,18757.34,0,0,SETTLE-002040
REC002055001,L002055,2022-03-23,Legal Recovery,6011.97,6011.97,0,0,LEGAL-002055
REC002059001,L002059,2022-05-13,Settlement,12696.72,12696.72,0,0,SETTLE-002059
REC002068001,L002068,2021-12-27,Legal Recovery,20505.73,20505.73,0,0,LEGAL-002068
REC002073001,L002073,2021-09-13,Settlement,130453.81,130453.81,0,0,SETTLE-002073
REC002074001,L002074,2022-11-13,Settlement,78037.81,78037.81,0,0,SETTLE-002074
REC002078001,L002078,2024-02-12,Settlement,13492.51,13492.51,0,0,SETTLE-002078
REC002080001,L002080,2021-11-14,Settlement,20769.82,20769.82,0,0,SETTLE-002080
REC002089001,L002089,2023-05-22,Legal Recovery,1736.92,1736.92,0,0,LEGAL-002089
REC002090001,L002090,2023-09-16,Settlement,27239.52,27239.52,0,0,SETTLE-002090
REC002092001,L002092,2022-02-16,Settlement,45224.38,45224.38,0,0,SETTLE-002092
REC002093001,L002093,2022-04-16,Settlement,6980.34,6980.34,0,0,SETTLE-002093
REC002094001,L002094,2022-12-16,Settlement,81664.59,81664.59,0,0,SETTLE-002094
REC002096001,L002096,2021-11-16,Settlement,153543.02,153543.02,0,0,SETTLE-002096
REC002097001,L002097,2022-05-23,Collateral Liquidation,249833.02,249833.02,0,0,COLL002097
REC002117001,L002117,2021-09-19,Settlement,42018.57,42018.57,0,0,SETTLE-002117
REC002118001,L002118,2022-03-19,Settlement,84549.6,84549.6,0,0,SETTLE-002118
REC002122001,L002122,2021-09-19,Settlement,9263.76,9263.76,0,0,SETTLE-002122
REC002123001,L002123,2022-01-20,Settlement,56143.6,56143.6,0,0,SETTLE-002123
REC002127001,L002127,2022-03-20,Settlement,33538.3,33538.3,0,0,SETTLE-002127
REC002129001,L002129,2021-10-20,Settlement,17963.15,17963.15,0,0,SETTLE-002129
REC002150001,L002150,2021-10-23,Settlement,147548.34,147548.34,0,0,SETTLE-002150
REC002154001,L002154,2022-03-23,Settlement,14119.46,14119.46,0,0,SETTLE-002154
REC002160001,L002160,2021-12-24,Settlement,60629.99,60629.99,0,0,SETTLE-002160
REC002164001,L002164,2022-07-24,Settlement,36554.66,36554.66,0,0,SETTLE-002164
REC002173001,L002173,2023-02-25,Settlement,47291.06,47291.06,0,0,SETTLE-002173
REC002176001,L002176,2023-05-25,Settlement,3686.3,3686.3,0,0,SETTLE-002176
REC002177001,L002177,2023-01-25,Settlement,7198.96,7198.96,0,0,SETTLE-002177
REC002180001,L002180,2021-10-26,Settlement,50905.93,50905.93,0,0,SETTLE-002180
REC002199001,L002199,2022-01-28,Settlement,57319.93,57319.93,0,0,SETTLE-002199
REC002217001,L002217,2025-06-04,Collateral Liquidation,332523.39,64602.48,267920.91,0,COLL002217
REC002224001,L002224,2021-12-01,Settlement,83253.57,83253.57,0,0,SETTLE-002224
REC002227001,L002227,2022-03-03,Settlement,11039.46,11039.46,0,0,SETTLE-002227
REC002236001,L002236,2023-01-21,Legal Recovery,3787.37,3787.37,0,0,LEGAL-002236
REC002242001,L002242,2022-02-02,Settlement,12610.3,12610.3,0,0,SETTLE-002242
REC002244001,L002244,2023-08-03,Settlement,61182.06,61182.06,0,0,SETTLE-002244
REC002257001,L002257,2022-06-02,Legal Recovery,19449.88,19449.88,0,0,LEGAL-002257
REC002260001,L002260,2022-06-06,Settlement,22822.14,22822.14,0,0,SETTLE-002260
REC002266001,L002266,2022-05-08,Settlement,95863.84,95863.84,0,0,SETTLE-002266
REC002268001,L002268,2022-03-10,Settlement,136248.4,136248.4,0,0,SETTLE-002268
REC002269001,L002269,2022-10-08,Settlement,11726.69,11726.69,0,0,SETTLE-002269
REC002271001,L002271,2022-09-08,Settlement,32649.57,32649.57,0,0,SETTLE-002271
REC002275001,L002275,2023-07-17,Collateral Liquidation,339374.28,237329.4,102044.88,0,COLL002275
REC002288001,L002288,2022-05-11,Settlement,58515.27,58515.27,0,0,SETTLE-002288
REC002289001,L002289,2021-10-11,Settlement,136247.87,136247.87,0,0,SETTLE-002289
REC002290001,L002290,2024-03-12,Settlement,13028.97,13028.97,0,0,SETTLE-002290
REC002293001,L002293,2022-01-11,Settlement,30183.68,30183.68,0,0,SETTLE-002293
REC002299001,L002299,2024-07-12,Settlement,8830.03,8830.03,0,0,SETTLE-002299
REC002301001,L002301,2022-04-12,Settlement,121757.81,121757.81,0,0,SETTLE-002301
REC002302001,L002302,2023-12-13,Settlement,35055.17,35055.17,0,0,SETTLE-002302
REC002304001,L002304,2023-01-08,Legal Recovery,4919.83,4919.83,0,0,LEGAL-002304
REC002307001,L002307,2022-11-02,Legal Recovery,946.36,946.36,0,0,LEGAL-002307
REC002311001,L002311,2023-01-20,Collateral Liquidation,187621.65,162298.31,25323.34,0,COLL002311
REC002324001,L002324,2022-12-23,Legal Recovery,7672.53,7672.53,0,0,LEGAL-002324
REC002329001,L002329,2022-05-16,Settlement,125101.99,125101.99,0,0,SETTLE-002329
REC002333001,L002333,2022-01-17,Settlement,72659.93,72659.93,0,0,SETTLE-002333
REC002335001,L002335,2025-07-17,Settlement,0,0,0,0,SETTLE-002335
REC002338001,L002338,2023-06-26,Legal Recovery,920.04,920.04,0,0,LEGAL-002338
REC002339001,L002339,2022-01-18,Settlement,27155.29,27155.29,0,0,SETTLE-002339
REC002343001,L002343,2022-05-18,Settlement,33860.45,33860.45,0,0,SETTLE-002343
REC002344001,L002344,2022-09-18,Settlement,26179.73,26179.73,0,0,SETTLE-002344
REC002355001,L002355,2024-04-20,Settlement,34178.51,34178.51,0,0,SETTLE-002355
REC002356001,L002356,2022-03-20,Settlement,38857.65,38857.65,0,0,SETTLE-002356
REC002373001,L002373,2022-02-21,Settlement,27247.71,27247.71,0,0,SETTLE-002373
REC002376001,L002376,2023-02-22,Settlement,18802.96,18802.96,0,0,SETTLE-002376
REC002386001,L002386,2021-10-23,Settlement,166546.79,166546.79,0,0,SETTLE-002386
REC002392001,L002392,2022-04-23,Settlement,24852.48,24852.48,0,0,SETTLE-002392
REC002402001,L002402,2025-11-18,Legal Recovery,3307.65,3307.65,0,0,LEGAL-002402
REC002411001,L002411,2023-12-25,Settlement,17136.75,17136.75,0,0,SETTLE-002411
REC002436001,L002436,2021-11-27,Settlement,32961.19,32961.19,0,0,SETTLE-002436
REC002445001,L002445,2023-02-12,Collateral Liquidation,61923.8,45116.22,16807.58,0,COLL002445
REC002447001,L002447,2021-11-28,Settlement,97598.45,97598.45,0,0,SETTLE-002447
REC002450001,L002450,2022-01-28,Settlement,37611.05,37611.05,0,0,SETTLE-002450
REC002458001,L002458,2022-09-29,Settlement,88656.64,88656.64,0,0,SETTLE-002458
REC002475001,L002475,2022-03-31,Settlement,27173.74,27173.74,0,0,SETTLE-002475
REC002486001,L002486,2022-08-01,Settlement,64500.7,64500.7,0,0,SETTLE-002486
REC002496001,L002496,2023-04-02,Settlement,15803.51,15803.51,0,0,SETTLE-002496
REC002499001,L002499,2022-04-02,Settlement,86232.54,86232.54,0,0,SETTLE-002499
REC002503001,L002503,2023-02-08,Legal Recovery,1278.58,1278.58,0,0,LEGAL-002503
REC002510001,L002510,2023-05-04,Settlement,72572.01,72572.01,0,0,SETTLE-002510
REC002513001,L002513,2023-05-04,Settlement,135955.24,135955.24,0,0,SETTLE-002513
REC002524001,L002524,2024-11-17,Collateral Liquidation,120481.62,118664.22,1817.4,0,COLL002524
REC002529001,L002529,2025-02-28,Legal Recovery,175.73,175.73,0,0,LEGAL-002529
REC002533001,L002533,2023-08-04,Settlement,77244.52,77244.52,0,0,SETTLE-002533
REC002546001,L002546,2025-12-06,Settlement,18724.31,18724.31,0,0,SETTLE-002546
REC002551001,L002551,2022-11-06,Settlement,173787.93,173787.93,0,0,SETTLE-002551
REC002552001,L002552,2023-06-06,Settlement,31157.15,31157.15,0,0,SETTLE-002552
REC002569001,L002569,2022-02-08,Settlement,232259.33,232259.33,0,0,SETTLE-002569
REC002580001,L002580,2022-12-10,Settlement,5747.3,5747.3,0,0,SETTLE-002580
REC002586001,L002586,2022-09-10,Settlement,26250.97,26250.97,0,0,SETTLE-002586
REC002587001,L002587,2022-06-10,Settlement,17368.68,17368.68,0,0,SETTLE-002587
REC002592001,L002592,2022-06-11,Settlement,69009.49,69009.49,0,0,SETTLE-002592
REC002605001,L002605,2021-11-13,Settlement,103412.31,103412.31,0,0,SETTLE-002605
REC002607001,L002607,2022-01-13,Settlement,56887.42,56887.42,0,0,SETTLE-002607
REC002617001,L002617,2021-11-14,Settlement,44522.99,44522.99,0,0,SETTLE-002617
REC002622001,L002622,2023-01-16,Settlement,141264.68,141264.68,0,0,SETTLE-002622
REC002628001,L002628,2022-02-16,Settlement,41786.1,41786.1,0,0,SETTLE-002628
REC002640001,L002640,2024-03-17,Settlement,3542.32,3542.32,0,0,SETTLE-002640
REC002648001,L002648,2022-03-18,Settlement,8975.07,8975.07,0,0,SETTLE-002648
REC002656001,L002656,2022-07-19,Settlement,29828.33,29828.33,0,0,SETTLE-002656
REC002659001,L002659,2022-08-19,Settlement,110938.44,110938.44,0,0,SETTLE-002659
REC002670001,L002670,2023-03-20,Settlement,26429,26429,0,0,SETTLE-002670
REC002673001,L002673,2024-06-20,Settlement,107847.7,107847.7,0,0,SETTLE-002673
REC002682001,L002682,2022-08-21,Settlement,43562.17,43562.17,0,0,SETTLE-002682
REC002703001,L002703,2022-04-23,Settlement,120094.19,120094.19,0,0,SETTLE-002703
REC002710001,L002710,2022-05-24,Settlement,11744.22,11744.22,0,0,SETTLE-002710
REC002715001,L002715,2025-05-24,Settlement,26993.27,26993.27,0,0,SETTLE-002715
REC002721001,L002721,2022-03-25,Settlement,33188.22,33188.22,0,0,SETTLE-002721
REC002723001,L002723,2023-05-25,Settlement,5518.18,5518.18,0,0,SETTLE-002723
REC002724001,L002724,2023-01-25,Settlement,46184,46184,0,0,SETTLE-002724
REC002726001,L002726,2021-12-26,Settlement,173828.26,173828.26,0,0,SETTLE-002726
REC002729001,L002729,2023-05-26,Settlement,41049.9,41049.9,0,0,SETTLE-002729
REC002739001,L002739,2023-04-26,Settlement,59500.69,59500.69,0,0,SETTLE-002739
REC002757001,L002757,2022-11-29,Settlement,31671.8,31671.8,0,0,SETTLE-002757
REC002767001,L002767,2023-10-30,Settlement,4203.02,4203.02,0,0,SETTLE-002767
REC002768001,L002768,2022-06-14,Legal Recovery,4890.21,4890.21,0,0,LEGAL-002768
REC002769001,L002769,2022-07-30,Settlement,174359.15,174359.15,0,0,SETTLE-002769
REC002774001,L002774,2024-03-30,Settlement,936.29,936.29,0,0,SETTLE-002774
REC002778001,L002778,2022-09-16,Legal Recovery,13182.52,13182.52,0,0,LEGAL-002778
REC002799001,L002799,2025-06-17,Collateral Liquidation,122569.36,87822.8,34746.56,0,COLL002799
REC002799002,L002799,2025-08-04,Legal Recovery,15162.03,15162.03,0,0,LEGAL-002799
REC002803001,L002803,2021-12-03,Settlement,70294.41,70294.41,0,0,SETTLE-002803
REC002819001,L002819,2022-10-04,Collateral Liquidation,361314.66,323986.03,37328.63,0,COLL002819
REC002827001,L002827,2022-03-07,Settlement,112568.05,112568.05,0,0,SETTLE-002827
REC002835001,L002835,2023-05-06,Settlement,128701,128701,0,0,SETTLE-002835
REC002854001,L002854,2022-11-07,Settlement,26292.51,26292.51,0,0,SETTLE-002854
REC002858001,L002858,2023-05-08,Settlement,65818.14,65818.14,0,0,SETTLE-002858
REC002860001,L002860,2022-02-07,Settlement,24721.62,24721.62,0,0,SETTLE-002860
REC002863001,L002863,2021-12-08,Settlement,136785.22,136785.22,0,0,SETTLE-002863
REC002865001,L002865,2022-05-09,Settlement,55679.37,55679.37,0,0,SETTLE-002865
REC002868001,L002868,2022-11-08,Settlement,129093.63,129093.63,0,0,SETTLE-002868
REC002870001,L002870,2022-09-08,Settlement,22273.52,22273.52,0,0,SETTLE-002870
REC002872001,L002872,2024-01-08,Settlement,3280.94,3280.94,0,0,SETTLE-002872
REC002879001,L002879,2022-11-09,Settlement,69029.9,69029.9,0,0,SETTLE-002879
REC002884001,L002884,2024-03-11,Settlement,104305.65,104305.65,0,0,SETTLE-002884
REC002885001,L002885,2024-06-09,Settlement,34308.77,34308.77,0,0,SETTLE-002885
REC002895001,L002895,2025-08-11,Collateral Liquidation,462158.58,192299.33,269859.25,0,COLL002895
REC002898001,L002898,2022-06-11,Settlement,112375.81,112375.81,0,0,SETTLE-002898
REC002902001,L002902,2022-02-11,Settlement,86811.71,86811.71,0,0,SETTLE-002902
REC002904001,L002904,2022-03-14,Settlement,40956.89,40956.89,0,0,SETTLE-002904
REC002908001,L002908,2022-10-12,Settlement,35147.34,35147.34,0,0,SETTLE-002908
REC002909001,L002909,2023-06-11,Settlement,165547.59,165547.59,0,0,SETTLE-002909
REC002910001,L002910,2021-12-12,Settlement,59306.37,59306.37,0,0,SETTLE-002910
REC002912001,L002912,2021-12-12,Settlement,21361.49,21361.49,0,0,SETTLE-002912
REC002926001,L002926,2022-05-13,Settlement,183442.92,183442.92,0,0,SETTLE-002926
REC002936001,L002936,2022-02-13,Settlement,33249.61,33249.61,0,0,SETTLE-002936
REC002941001,L002941,2023-08-13,Settlement,33083.08,33083.08,0,0,SETTLE-002941
REC002942001,L002942,2023-08-14,Settlement,98255.42,98255.42,0,0,SETTLE-002942
REC002943001,L002943,2023-10-15,Settlement,16202.6,16202.6,0,0,SETTLE-002943
REC002947001,L002947,2024-05-13,Settlement,17445.1,17445.1,0,0,SETTLE-002947
REC002948001,L002948,2022-08-14,Settlement,229752.01,229752.01,0,0,SETTLE-002948
REC002949001,L002949,2024-05-15,Settlement,96428.44,96428.44,0,0,SETTLE-002949
REC002950001,L002950,2022-07-15,Settlement,238418,238418,0,0,SETTLE-002950
REC002955001,L002955,2023-11-15,Settlement,94162.07,94162.07,0,0,SETTLE-002955
REC002959001,L002959,2024-06-15,Settlement,14020.77,14020.77,0,0,SETTLE-002959
REC002961001,L002961,2022-11-15,Settlement,90387.93,90387.93,0,0,SETTLE-002961
REC002982001,L002982,2025-03-13,Collateral Liquidation,160386.75,81558.58,78828.17,0,COLL002982
REC002989001,L002989,2022-05-17,Settlement,51488.87,51488.87,0,0,SETTLE-002989
REC002992001,L002992,2022-02-18,Settlement,27171.02,27171.02,0,0,SETTLE-002992
REC002993001,L002993,2022-07-18,Settlement,156499.08,156499.08,0,0,SETTLE-002993
REC002999001,L002999,2023-04-18,Settlement,16392.87,16392.87,0,0,SETTLE-002999
REC003007001,L003007,2023-03-06,Legal Recovery,3010.79,3010.79,0,0,LEGAL-003007
REC003013001,L003013,2022-01-19,Settlement,68157.72,68157.72,0,0,SETTLE-003013
REC003015001,L003015,2022-09-19,Settlement,50088.38,50088.38,0,0,SETTLE-003015
REC003024001,L003024,2022-06-20,Settlement,29489.41,29489.41,0,0,SETTLE-003024
REC003030001,L003030,2021-12-21,Settlement,31842.92,31842.92,0,0,SETTLE-003030
REC003032001,L003032,2022-04-21,Settlement,28668.69,28668.69,0,0,SETTLE-003032
REC003037001,L003037,2023-08-22,Settlement,51444.92,51444.92,0,0,SETTLE-003037
REC003048001,L003048,2022-09-06,Collateral Liquidation,647253.07,647253.07,0,0,COLL003048
REC003052001,L003052,2022-11-23,Settlement,22241.67,22241.67,0,0,SETTLE-003052
REC003056001,L003056,2021-12-24,Settlement,67263.35,67263.35,0,0,SETTLE-003056
REC003058001,L003058,2023-12-24,Settlement,3461.99,3461.99,0,0,SETTLE-003058
REC003059001,L003059,2024-12-24,Settlement,7550.8,7550.8,0,0,SETTLE-003059
REC003062001,L003062,2022-01-24,Settlement,36581.09,36581.09,0,0,SETTLE-003062
REC003068001,L003068,2023-08-25,Settlement,6441.3,6441.3,0,0,SETTLE-003068
REC003069001,L003069,2023-03-25,Settlement,46337.72,46337.72,0,0,SETTLE-003069
REC003070001,L003070,2023-02-25,Settlement,59232.44,59232.44,0,0,SETTLE-003070
REC003072001,L003072,2022-11-25,Settlement,1628.34,1628.34,0,0,SETTLE-003072
REC003080001,L003080,2023-07-26,Settlement,11515.84,11515.84,0,0,SETTLE-003080
REC003085001,L003085,2024-03-26,Settlement,30837.93,30837.93,0,0,SETTLE-003085
REC003087001,L003087,2025-10-27,Settlement,7215.89,7215.89,0,0,SETTLE-003087
REC003099001,L003099,2023-08-27,Settlement,22355.56,22355.56,0,0,SETTLE-003099
REC003101001,L003101,2023-12-27,Settlement,178459.98,178459.98,0,0,SETTLE-003101
REC003105001,L003105,2022-09-28,Settlement,4155.18,4155.18,0,0,SETTLE-003105
REC003109001,L003109,2022-03-28,Settlement,120056.69,120056.69,0,0,SETTLE-003109
REC003120001,L003120,2022-04-29,Settlement,19359.6,19359.6,0,0,SETTLE-003120
REC003122001,L003122,2023-06-29,Settlement,16470.79,16470.79,0,0,SETTLE-003122
REC003130001,L003130,2022-08-30,Settlement,100636.12,100636.12,0,0,SETTLE-003130
REC003131001,L003131,2021-12-30,Settlement,27673.97,27673.97,0,0,SETTLE-003131
REC003146001,L003146,2023-01-01,Settlement,75649.03,75649.03,0,0,SETTLE-003146
REC003148001,L003148,2022-05-02,Settlement,68947.06,68947.06,0,0,SETTLE-003148
REC003149001,L003149,2022-03-04,Settlement,181320.32,181320.32,0,0,SETTLE-003149
REC003163001,L003163,2023-06-02,Settlement,53719.98,53719.98,0,0,SETTLE-003163
REC003174001,L003174,2022-12-04,Settlement,32199.49,32199.49,0,0,SETTLE-003174
REC003176001,L003176,2022-01-04,Settlement,34655.03,34655.03,0,0,SETTLE-003176
REC003185001,L003185,2022-07-05,Settlement,96996.97,96996.97,0,0,SETTLE-003185
REC003186001,L003186,2023-11-04,Settlement,18896.79,18896.79,0,0,SETTLE-003186
REC003202001,L003202,2022-07-07,Settlement,193304.49,193304.49,0,0,SETTLE-003202
REC003206001,L003206,2023-05-07,Settlement,42639.93,42639.93,0,0,SETTLE-003206
REC003209001,L003209,2024-05-13,Collateral Liquidation,339919.78,149357.49,190562.29,0,COLL003209
REC003214001,L003214,2024-01-07,Settlement,27158.44,27158.44,0,0,SETTLE-003214
REC003217001,L003217,2022-04-07,Settlement,117190.96,117190.96,0,0,SETTLE-003217
REC003229001,L003229,2022-05-08,Settlement,21109.86,21109.86,0,0,SETTLE-003229
REC003233001,L003233,2022-02-08,Settlement,106532.19,106532.19,0,0,SETTLE-003233
REC003235001,L003235,2022-02-08,Settlement,88602.89,88602.89,0,0,SETTLE-003235
REC003238001,L003238,2023-05-29,Legal Recovery,802.62,802.62,0,0,LEGAL-003238
REC003240001,L003240,2023-01-08,Settlement,22677.37,22677.37,0,0,SETTLE-003240
REC003245001,L003245,2023-02-09,Settlement,92643.62,92643.62,0,0,SETTLE-003245
REC003257001,L003257,2024-01-05,Legal Recovery,7564.18,7564.18,0,0,LEGAL-003257
REC003258001,L003258,2022-09-15,Legal Recovery,24894.24,24894.24,0,0,LEGAL-003258
REC003266001,L003266,2024-04-11,Settlement,3561.77,3561.77,0,0,SETTLE-003266
REC003276001,L003276,2022-02-12,Settlement,106061.82,106061.82,0,0,SETTLE-003276
REC003291001,L003291,2022-07-30,Legal Recovery,11303.79,11303.79,0,0,LEGAL-003291
REC003292001,L003292,2022-09-13,Settlement,52476.33,52476.33,0,0,SETTLE-003292
REC003293001,L003293,2026-02-13,Settlement,1558.72,1558.72,0,0,SETTLE-003293
REC003294001,L003294,2023-01-14,Settlement,37222.76,37222.76,0,0,SETTLE-003294
REC003308001,L003308,2023-07-16,Settlement,62473.07,62473.07,0,0,SETTLE-003308
REC003311001,L003311,2024-05-19,Legal Recovery,4808.77,4808.77,0,0,LEGAL-003311
REC003319001,L003319,2022-06-18,Settlement,141900.65,141900.65,0,0,SETTLE-003319
REC003323001,L003323,2023-05-20,Collateral Liquidation,126692.33,61252.16,65440.17,0,COLL003323
REC003325001,L003325,2022-10-18,Settlement,16770.22,16770.22,0,0,SETTLE-003325
REC003330001,L003330,2022-09-18,Settlement,8985.22,8985.22,0,0,SETTLE-003330
REC003332001,L003332,2022-06-18,Settlement,139796.52,139796.52,0,0,SETTLE-003332
REC003342001,L003342,2023-02-19,Settlement,40642.17,40642.17,0,0,SETTLE-003342
REC003343001,L003343,2024-11-20,Settlement,59300.52,59300.52,0,0,SETTLE-003343
REC003345001,L003345,2022-04-30,Legal Recovery,25136.82,25136.82,0,0,LEGAL-003345
REC003348001,L003348,2023-09-20,Settlement,18771.95,18771.95,0,0,SETTLE-003348
REC003382001,L003382,2024-12-23,Settlement,12625.16,12625.16,0,0,SETTLE-003382
REC003383001,L003383,2025-10-23,Settlement,1762.45,1762.45,0,0,SETTLE-003383
REC003386001,L003386,2024-05-23,Settlement,151365.19,151365.19,0,0,SETTLE-003386
REC003396001,L003396,2023-01-24,Settlement,52239.16,52239.16,0,0,SETTLE-003396
REC003398001,L003398,2024-08-25,Settlement,7580.55,7580.55,0,0,SETTLE-003398
REC003401001,L003401,2023-02-25,Settlement,7110.49,7110.49,0,0,SETTLE-003401
REC003406001,L003406,2024-07-07,Collateral Liquidation,160367.51,85785.48,74582.03,0,COLL003406
REC003412001,L003412,2024-02-26,Settlement,92942.02,92942.02,0,0,SETTLE-003412
REC003413001,L003413,2024-01-26,Settlement,79225.9,79225.9,0,0,SETTLE-003413
REC003420001,L003420,2022-09-27,Collateral Liquidation,100784.7,100784.7,0,0,COLL003420
REC003426001,L003426,2024-07-14,Collateral Liquidation,46862.93,3263.52,43599.41,0,COLL003426
REC003433001,L003433,2023-10-28,Settlement,13154.79,13154.79,0,0,SETTLE-003433
REC003439001,L003439,2024-05-28,Settlement,40991.81,40991.81,0,0,SETTLE-003439
REC003441001,L003441,2022-02-28,Settlement,32878.79,32878.79,0,0,SETTLE-003441
REC003444001,L003444,2023-07-28,Settlement,83173.6,83173.6,0,0,SETTLE-003444
REC003445001,L003445,2022-03-28,Settlement,96826.31,96826.31,0,0,SETTLE-003445
REC003446001,L003446,2022-09-28,Settlement,62352.29,62352.29,0,0,SETTLE-003446
REC003447001,L003447,2024-02-28,Settlement,283106.55,283106.55,0,0,SETTLE-003447
REC003459001,L003459,2022-11-29,Settlement,126321.54,126321.54,0,0,SETTLE-003459
REC003463001,L003463,2022-04-29,Settlement,117652.41,117652.41,0,0,SETTLE-003463
REC003466001,L003466,2022-04-29,Settlement,45923.69,45923.69,0,0,SETTLE-003466
REC003474001,L003474,2025-05-30,Settlement,45879.59,45879.59,0,0,SETTLE-003474
REC003477001,L003477,2022-05-30,Settlement,24211.17,24211.17,0,0,SETTLE-003477
REC003478001,L003478,2022-04-30,Settlement,7256.93,7256.93,0,0,SETTLE-003478
REC003480001,L003480,2022-03-02,Settlement,92080.92,92080.92,0,0,SETTLE-003480
REC003487001,L003487,2022-07-31,Settlement,167525,167525,0,0,SETTLE-003487
REC003497001,L003497,2022-02-01,Settlement,43746.75,43746.75,0,0,SETTLE-003497
REC003507001,L003507,2022-06-18,Legal Recovery,14182.53,14182.53,0,0,LEGAL-003507
REC003508001,L003508,2022-04-02,Settlement,45512.67,45512.67,0,0,SETTLE-003508
REC003536001,L003536,2023-05-05,Settlement,20094.11,20094.11,0,0,SETTLE-003536
REC003538001,L003538,2022-05-06,Settlement,40463.81,40463.81,0,0,SETTLE-003538
REC003543001,L003543,2022-03-08,Settlement,16431.78,16431.78,0,0,SETTLE-003543
REC003546001,L003546,2025-03-08,Settlement,69927.89,69927.89,0,0,SETTLE-003546
REC003554001,L003554,2023-04-06,Settlement,592.04,592.04,0,0,SETTLE-003554
REC003565001,L003565,2023-04-07,Settlement,13263.94,13263.94,0,0,SETTLE-003565
REC003566001,L003566,2022-04-07,Settlement,184550.08,184550.08,0,0,SETTLE-003566
REC003568001,L003568,2025-07-08,Settlement,138627.32,138627.32,0,0,SETTLE-003568
REC003587001,L003587,2023-02-08,Settlement,21539.63,21539.63,0,0,SETTLE-003587
REC003590001,L003590,2022-05-10,Settlement,123302.14,123302.14,0,0,SETTLE-003590
REC003591001,L003591,2022-12-10,Settlement,86609.27,86609.27,0,0,SETTLE-003591
REC003593001,L003593,2023-06-09,Settlement,15065.81,15065.81,0,0,SETTLE-003593
REC003602001,L003602,2023-12-11,Settlement,1251.41,1251.41,0,0,SETTLE-003602
REC003603001,L003603,2022-05-11,Settlement,27882.75,27882.75,0,0,SETTLE-003603
REC003604001,L003604,2022-12-12,Settlement,51086.68,51086.68,0,0,SETTLE-003604
REC003606001,L003606,2023-12-12,Settlement,398090.96,398090.96,0,0,SETTLE-003606
REC003613001,L003613,2023-08-11,Settlement,30365.83,30365.83,0,0,SETTLE-003613
REC003615001,L003615,2024-02-11,Settlement,8711.58,8711.58,0,0,SETTLE-003615
REC003632001,L003632,2023-02-13,Settlement,31341.17,31341.17,0,0,SETTLE-003632
REC003634001,L003634,2024-12-15,Settlement,68976.36,68976.36,0,0,SETTLE-003634
REC003639001,L003639,2022-02-14,Settlement,97914.87,97914.87,0,0,SETTLE-003639
REC003645001,L003645,2022-02-14,Settlement,79662.13,79662.13,0,0,SETTLE-003645
REC003657001,L003657,2024-03-15,Settlement,6747.02,6747.02,0,0,SETTLE-003657
REC003658001,L003658,2022-10-15,Settlement,47447.37,47447.37,0,0,SETTLE-003658
REC003661001,L003661,2023-12-15,Settlement,12824.71,12824.71,0,0,SETTLE-003661
REC003668001,L003668,2022-05-16,Settlement,15948.85,15948.85,0,0,SETTLE-003668
REC003672001,L003672,2022-04-16,Settlement,134039.2,134039.2,0,0,SETTLE-003672
REC003690001,L003690,2022-06-15,Legal Recovery,8531.29,8531.29,0,0,LEGAL-003690
REC003696001,L003696,2022-04-18,Settlement,122131.83,122131.83,0,0,SETTLE-003696
REC003707001,L003707,2022-08-19,Settlement,29073.45,29073.45,0,0,SETTLE-003707
REC003709001,L003709,2022-03-19,Settlement,105755.5,105755.5,0,0,SETTLE-003709
REC003720001,L003720,2023-01-20,Settlement,20955.91,20955.91,0,0,SETTLE-003720
REC003721001,L003721,2022-02-20,Settlement,8213.64,8213.64,0,0,SETTLE-003721
REC003724001,L003724,2022-03-21,Settlement,9850.28,9850.28,0,0,SETTLE-003724
REC003727001,L003727,2023-07-21,Settlement,50657.35,50657.35,0,0,SETTLE-003727
REC003749001,L003749,2023-10-23,Settlement,16576.23,16576.23,0,0,SETTLE-003749
REC003753001,L003753,2024-07-23,Settlement,6078.07,6078.07,0,0,SETTLE-003753
REC003766001,L003766,2024-08-04,Legal Recovery,1181.82,1181.82,0,0,LEGAL-003766
REC003779001,L003779,2022-12-25,Settlement,47033.79,47033.79,0,0,SETTLE-003779
REC003781001,L003781,2023-09-25,Settlement,52422.45,52422.45,0,0,SETTLE-003781
REC003788001,L003788,2022-07-26,Settlement,12378.41,12378.41,0,0,SETTLE-003788
REC003789001,L003789,2022-04-26,Settlement,42518.15,42518.15,0,0,SETTLE-003789
REC003794001,L003794,2025-06-02,Collateral Liquidation,169672.15,14541.72,155130.43,0,COLL003794
REC003797001,L003797,2022-10-27,Settlement,106260.56,106260.56,0,0,SETTLE-003797
REC003810001,L003810,2023-11-13,Legal Recovery,3511.62,3511.62,0,0,LEGAL-003810
REC003814001,L003814,2022-09-28,Settlement,4063.81,4063.81,0,0,SETTLE-003814
REC003835001,L003835,2022-12-30,Settlement,224560.34,224560.34,0,0,SETTLE-003835
REC003840001,L003840,2022-12-30,Settlement,37464.14,37464.14,0,0,SETTLE-003840
REC003847001,L003847,2023-01-31,Settlement,24762.46,24762.46,0,0,SETTLE-003847
REC003852001,L003852,2022-03-31,Settlement,93560.07,93560.07,0,0,SETTLE-003852
REC003857001,L003857,2022-07-01,Settlement,43145.16,43145.16,0,0,SETTLE-003857
REC003861001,L003861,2022-09-01,Settlement,117620.94,117620.94,0,0,SETTLE-003861
REC003862001,L003862,2022-09-21,Legal Recovery,16834.62,16834.62,0,0,LEGAL-003862
REC003874001,L003874,2022-09-02,Settlement,16507.77,16507.77,0,0,SETTLE-003874
REC003876001,L003876,2025-11-03,Settlement,36025.14,36025.14,0,0,SETTLE-003876
REC003879001,L003879,2022-05-04,Settlement,43006.67,43006.67,0,0,SETTLE-003879
REC003881001,L003881,2023-07-04,Settlement,22669.27,22669.27,0,0,SETTLE-003881
REC003883001,L003883,2022-06-03,Settlement,32014.79,32014.79,0,0,SETTLE-003883
REC003885001,L003885,2023-04-03,Settlement,6814.43,6814.43,0,0,SETTLE-003885
REC003886002,L003886,2022-10-29,Legal Recovery,111663.21,111663.21,0,0,LEGAL-003886
REC003886001,L003886,2022-11-01,Collateral Liquidation,1064027.75,980077.56,83950.19,0,COLL003886
REC003888001,L003888,2024-03-06,Settlement,192712.76,192712.76,0,0,SETTLE-003888
REC003894001,L003894,2022-09-04,Settlement,84881.1,84881.1,0,0,SETTLE-003894
REC003896001,L003896,2023-10-06,Settlement,37180.68,37180.68,0,0,SETTLE-003896
REC003901001,L003901,2022-05-06,Settlement,61255.8,61255.8,0,0,SETTLE-003901
REC003902001,L003902,2024-03-07,Settlement,15761.25,15761.25,0,0,SETTLE-003902
REC003906001,L003906,2024-01-05,Settlement,32679.79,32679.79,0,0,SETTLE-003906
REC003927001,L003927,2022-05-21,Collateral Liquidation,353007.75,336364.96,16642.79,0,COLL003927
REC003929001,L003929,2023-08-08,Settlement,213023.85,213023.85,0,0,SETTLE-003929
REC003930001,L003930,2022-09-08,Settlement,67974.62,67974.62,0,0,SETTLE-003930
REC003934001,L003934,2022-05-28,Legal Recovery,2215.65,2215.65,0,0,LEGAL-003934
REC003942001,L003942,2022-09-08,Settlement,107616.02,107616.02,0,0,SETTLE-003942
REC003944002,L003944,2022-06-24,Legal Recovery,71490.02,71490.02,0,0,LEGAL-003944
REC003944001,L003944,2022-07-01,Collateral Liquidation,275113.34,275113.34,0,0,COLL003944
REC003949001,L003949,2023-06-09,Settlement,133292.31,133292.31,0,0,SETTLE-003949
REC003952001,L003952,2024-06-09,Settlement,3327.66,3327.66,0,0,SETTLE-003952
REC003953001,L003953,2023-01-09,Settlement,21423.14,21423.14,0,0,SETTLE-003953
REC003957001,L003957,2022-09-09,Settlement,24330.81,24330.81,0,0,SETTLE-003957
REC003960001,L003960,2025-12-15,Legal Recovery,991.03,991.03,0,0,LEGAL-003960
REC003975001,L003975,2025-06-11,Settlement,9992.81,9992.81,0,0,SETTLE-003975
REC003989001,L003989,2023-02-13,Settlement,109572.26,109572.26,0,0,SETTLE-003989
REC004017001,L004017,2022-03-15,Settlement,114524.72,114524.72,0,0,SETTLE-004017
REC004032001,L004032,2023-09-16,Settlement,2878.19,2878.19,0,0,SETTLE-004032
REC004033001,L004033,2022-10-17,Settlement,53773.09,53773.09,0,0,SETTLE-004033
REC004043001,L004043,2022-06-27,Legal Recovery,26437.57,26437.57,0,0,LEGAL-004043
REC004045001,L004045,2023-03-17,Settlement,66917.15,66917.15,0,0,SETTLE-004045
REC004046001,L004046,2024-06-22,Legal Recovery,7252.87,7252.87,0,0,LEGAL-004046
REC004048001,L004048,2022-11-17,Settlement,26662.6,26662.6,0,0,SETTLE-004048
REC004058001,L004058,2022-06-18,Settlement,73127.9,73127.9,0,0,SETTLE-004058
REC004065001,L004065,2023-08-19,Settlement,7421.63,7421.63,0,0,SETTLE-004065
REC004081001,L004081,2022-08-31,Legal Recovery,29606.22,29606.22,0,0,LEGAL-004081
REC004083001,L004083,2022-09-21,Settlement,60458.36,60458.36,0,0,SETTLE-004083
REC004085001,L004085,2022-07-21,Settlement,19451.95,19451.95,0,0,SETTLE-004085
REC004086001,L004086,2022-11-21,Settlement,14191.01,14191.01,0,0,SETTLE-004086
REC004087001,L004087,2022-06-21,Settlement,104799.35,104799.35,0,0,SETTLE-004087
REC004089001,L004089,2023-03-21,Settlement,8093.29,8093.29,0,0,SETTLE-004089
REC004090001,L004090,2022-05-21,Settlement,69170,69170,0,0,SETTLE-004090
REC004134001,L004134,2023-06-03,Legal Recovery,2478.4,2478.4,0,0,LEGAL-004134
REC004139001,L004139,2022-04-26,Settlement,138585.9,138585.9,0,0,SETTLE-004139
REC004141001,L004141,2022-10-26,Legal Recovery,24402.19,24402.19,0,0,LEGAL-004141
REC004144001,L004144,2022-11-27,Settlement,16409.07,16409.07,0,0,SETTLE-004144
REC004147001,L004147,2022-05-27,Settlement,172002.39,172002.39,0,0,SETTLE-004147
REC004148001,L004148,2023-02-27,Settlement,25019.46,25019.46,0,0,SETTLE-004148
REC004159001,L004159,2023-07-28,Settlement,64103.09,64103.09,0,0,SETTLE-004159
REC004163001,L004163,2022-11-28,Settlement,58023.29,58023.29,0,0,SETTLE-004163
REC004177001,L004177,2022-06-29,Settlement,144737.73,144737.73,0,0,SETTLE-004177
REC004180001,L004180,2023-06-30,Settlement,21441.78,21441.78,0,0,SETTLE-004180
REC004198001,L004198,2022-05-01,Settlement,29616.57,29616.57,0,0,SETTLE-004198
REC004201001,L004201,2024-09-22,Collateral Liquidation,56625.97,48142.55,8483.42,0,COLL004201
REC004204001,L004204,2022-07-02,Settlement,76956.57,76956.57,0,0,SETTLE-004204
REC004215001,L004215,2023-09-02,Settlement,36029.83,36029.83,0,0,SETTLE-004215
REC004239001,L004239,2023-08-04,Settlement,56123.15,56123.15,0,0,SETTLE-004239
REC004244001,L004244,2022-07-05,Settlement,21460.57,21460.57,0,0,SETTLE-004244
REC004258001,L004258,2023-06-06,Settlement,54547.32,54547.32,0,0,SETTLE-004258
REC004261001,L004261,2024-12-07,Settlement,37131.04,37131.04,0,0,SETTLE-004261
REC004262001,L004262,2023-07-07,Settlement,10830.37,10830.37,0,0,SETTLE-004262
REC004269001,L004269,2023-05-08,Settlement,50988.97,50988.97,0,0,SETTLE-004269
REC004273001,L004273,2023-06-07,Settlement,52107.62,52107.62,0,0,SETTLE-004273
REC004281001,L004281,2023-12-30,Legal Recovery,6399.42,6399.42,0,0,LEGAL-004281
REC004284001,L004284,2023-07-10,Settlement,79930.37,79930.37,0,0,SETTLE-004284
REC004285001,L004285,2023-03-12,Settlement,38893.72,38893.72,0,0,SETTLE-004285
REC004290001,L004290,2023-09-09,Settlement,68897.25,68897.25,0,0,SETTLE-004290
REC004303001,L004303,2022-09-10,Settlement,70383.98,70383.98,0,0,SETTLE-004303
REC004305001,L004305,2023-09-10,Settlement,20897.3,20897.3,0,0,SETTLE-004305
REC004319001,L004319,2022-05-13,Settlement,39821.88,39821.88,0,0,SETTLE-004319
REC004325001,L004325,2022-08-12,Settlement,71440.64,71440.64,0,0,SETTLE-004325
REC004329001,L004329,2023-06-16,Settlement,52395.88,52395.88,0,0,SETTLE-004329
REC004330001,L004330,2022-08-22,Collateral Liquidation,125431.44,125431.44,0,0,COLL004330
REC004334001,L004334,2022-06-15,Collateral Liquidation,160838.64,160838.64,0,0,COLL004334
REC004339001,L004339,2024-01-17,Settlement,38860.95,38860.95,0,0,SETTLE-004339
REC004349001,L004349,2024-08-17,Settlement,29158.32,29158.32,0,0,SETTLE-004349
REC004350001,L004350,2022-10-17,Settlement,17593.14,17593.14,0,0,SETTLE-004350
REC004354001,L004354,2022-08-18,Settlement,5415.96,5415.96,0,0,SETTLE-004354
REC004355001,L004355,2023-08-18,Settlement,4464.12,4464.12,0,0,SETTLE-004355
REC004360001,L004360,2022-07-18,Settlement,131637.06,131637.06,0,0,SETTLE-004360
REC004370001,L004370,2022-05-19,Settlement,140157.33,140157.33,0,0,SETTLE-004370
REC004388001,L004388,2022-10-21,Settlement,83418.83,83418.83,0,0,SETTLE-004388
REC004392001,L004392,2023-11-21,Settlement,7383.55,7383.55,0,0,SETTLE-004392
REC004393001,L004393,2022-07-20,Legal Recovery,7738.94,7738.94,0,0,LEGAL-004393
REC004396001,L004396,2022-04-22,Settlement,105835.87,105835.87,0,0,SETTLE-004396
REC004402001,L004402,2026-01-22,Settlement,8256.47,8256.47,0,0,SETTLE-004402
REC004403001,L004403,2022-05-23,Settlement,56072.88,56072.88,0,0,SETTLE-004403
REC004407001,L004407,2026-03-27,Collateral Liquidation,139360.47,42575.2,96785.27,0,COLL004407
REC004412001,L004412,2024-07-23,Settlement,9468.08,9468.08,0,0,SETTLE-004412
REC004418001,L004418,2023-05-24,Settlement,9022.53,9022.53,0,0,SETTLE-004418
REC004419001,L004419,2022-07-24,Settlement,34194.58,34194.58,0,0,SETTLE-004419
REC004422001,L004422,2022-10-24,Settlement,148823.8,148823.8,0,0,SETTLE-004422
REC004437001,L004437,2024-05-25,Settlement,17176.82,17176.82,0,0,SETTLE-004437
REC004448001,L004448,2023-06-26,Settlement,9058.24,9058.24,0,0,SETTLE-004448
REC004458001,L004458,2022-11-12,Legal Recovery,30295.47,30295.47,0,0,LEGAL-004458
REC004468001,L004468,2023-05-28,Settlement,71296.65,71296.65,0,0,SETTLE-004468
REC004476001,L004476,2022-06-29,Settlement,32223.09,32223.09,0,0,SETTLE-004476
REC004480001,L004480,2022-06-29,Settlement,24729.16,24729.16,0,0,SETTLE-004480
REC004501001,L004501,2022-05-01,Settlement,12890.01,12890.01,0,0,SETTLE-004501
REC004515001,L004515,2023-12-03,Settlement,20277.68,20277.68,0,0,SETTLE-004515
REC004522001,L004522,2025-05-04,Settlement,42809.16,42809.16,0,0,SETTLE-004522
REC004529001,L004529,2022-07-04,Settlement,31412.29,31412.29,0,0,SETTLE-004529
REC004534001,L004534,2024-03-06,Settlement,6378.08,6378.08,0,0,SETTLE-004534
REC004544001,L004544,2023-01-05,Settlement,60381.37,60381.37,0,0,SETTLE-004544
REC004557001,L004557,2024-08-06,Settlement,12100.36,12100.36,0,0,SETTLE-004557
REC004558001,L004558,2022-12-07,Settlement,94418.29,94418.29,0,0,SETTLE-004558
REC004559001,L004559,2023-04-06,Settlement,67144.2,67144.2,0,0,SETTLE-004559
REC004560001,L004560,2024-10-07,Settlement,29575.46,29575.46,0,0,SETTLE-004560
REC004564001,L004564,2023-01-07,Settlement,13246.04,13246.04,0,0,SETTLE-004564
REC004585001,L004585,2023-01-09,Settlement,16065.23,16065.23,0,0,SETTLE-004585
REC004595001,L004595,2022-06-10,Settlement,20125.88,20125.88,0,0,SETTLE-004595
REC004599001,L004599,2024-02-19,Collateral Liquidation,166134.28,129487.8,36646.48,0,COLL004599
REC004601001,L004601,2023-05-12,Settlement,172418.7,172418.7,0,0,SETTLE-004601
REC004606001,L004606,2023-12-12,Settlement,4992.32,4992.32,0,0,SETTLE-004606
REC004608001,L004608,2024-06-12,Settlement,145281.36,145281.36,0,0,SETTLE-004608
REC004610001,L004610,2023-01-12,Settlement,20639.59,20639.59,0,0,SETTLE-004610
REC004614001,L004614,2023-09-12,Settlement,109306.22,109306.22,0,0,SETTLE-004614
REC004628001,L004628,2023-06-13,Settlement,20375.94,20375.94,0,0,SETTLE-004628
REC004629001,L004629,2024-04-19,Legal Recovery,1365.47,1365.47,0,0,LEGAL-004629
REC004631001,L004631,2022-10-15,Settlement,74647.7,74647.7,0,0,SETTLE-004631
REC004633001,L004633,2022-06-14,Settlement,48430.16,48430.16,0,0,SETTLE-004633
REC004636001,L004636,2024-06-14,Settlement,33201.18,33201.18,0,0,SETTLE-004636
REC004638001,L004638,2023-11-14,Settlement,23927.5,23927.5,0,0,SETTLE-004638
REC004641001,L004641,2022-05-15,Settlement,25762.48,25762.48,0,0,SETTLE-004641
REC004652001,L004652,2023-05-15,Settlement,139998.78,139998.78,0,0,SETTLE-004652
REC004662001,L004662,2024-11-16,Settlement,7278.02,7278.02,0,0,SETTLE-004662
REC004666001,L004666,2022-07-16,Settlement,257879.79,257879.79,0,0,SETTLE-004666
REC004668001,L004668,2022-12-16,Settlement,165516.6,165516.6,0,0,SETTLE-004668
REC004670001,L004670,2025-02-16,Settlement,96877.98,96877.98,0,0,SETTLE-004670
REC004676001,L004676,2022-12-17,Settlement,127145.97,127145.97,0,0,SETTLE-004676
REC004679001,L004679,2023-03-17,Settlement,45747.27,45747.27,0,0,SETTLE-004679
REC004682001,L004682,2025-09-18,Settlement,73399.84,73399.84,0,0,SETTLE-004682
REC004688001,L004688,2022-05-18,Settlement,204371.3,204371.3,0,0,SETTLE-004688
REC004695001,L004695,2022-06-19,Settlement,58910.36,58910.36,0,0,SETTLE-004695
REC004696001,L004696,2023-09-19,Settlement,29559.56,29559.56,0,0,SETTLE-004696
REC004713001,L004713,2023-09-21,Settlement,76916.7,76916.7,0,0,SETTLE-004713
REC004730001,L004730,2024-06-23,Settlement,566470.65,566470.65,0,0,SETTLE-004730
REC004749001,L004749,2025-02-24,Settlement,67917.6,67917.6,0,0,SETTLE-004749
REC004751001,L004751,2023-11-24,Settlement,127951.91,127951.91,0,0,SETTLE-004751
REC004754001,L004754,2022-08-25,Settlement,21795.82,21795.82,0,0,SETTLE-004754
REC004760001,L004760,2022-06-25,Settlement,35661.59,35661.59,0,0,SETTLE-004760
REC004765001,L004765,2022-12-26,Settlement,83686.77,83686.77,0,0,SETTLE-004765
REC004769001,L004769,2023-10-27,Settlement,40978.73,40978.73,0,0,SETTLE-004769
REC004785001,L004785,2022-06-29,Settlement,55399.49,55399.49,0,0,SETTLE-004785
REC004788001,L004788,2023-03-30,Settlement,13709.27,13709.27,0,0,SETTLE-004788
REC004792001,L004792,2023-09-30,Settlement,91508.69,91508.69,0,0,SETTLE-004792
REC004800001,L004800,2025-01-14,Collateral Liquidation,208501.13,136399.41,72101.72,0,COLL004800
REC004804001,L004804,2023-12-01,Settlement,32919.24,32919.24,0,0,SETTLE-004804
REC004805001,L004805,2023-05-31,Settlement,18954.34,18954.34,0,0,SETTLE-004805
REC004813001,L004813,2024-10-02,Settlement,14270.93,14270.93,0,0,SETTLE-004813
REC004814001,L004814,2025-06-01,Settlement,18471.32,18471.32,0,0,SETTLE-004814
REC004817001,L004817,2024-03-03,Settlement,12933.19,12933.19,0,0,SETTLE-004817
REC004824001,L004824,2023-01-11,Collateral Liquidation,143487.06,143487.06,0,0,COLL004824
REC004828001,L004828,2022-10-14,Collateral Liquidation,242906.06,242906.06,0,0,COLL004828
REC004834001,L004834,2025-07-05,Settlement,17161.16,17161.16,0,0,SETTLE-004834
REC004836001,L004836,2023-05-05,Settlement,10759.38,10759.38,0,0,SETTLE-004836
REC004838001,L004838,2024-04-04,Settlement,30224.46,30224.46,0,0,SETTLE-004838
REC004860001,L004860,2022-06-08,Settlement,16207.71,16207.71,0,0,SETTLE-004860
REC004903001,L004903,2023-05-13,Settlement,102652.73,102652.73,0,0,SETTLE-004903
REC004905001,L004905,2022-06-12,Settlement,102757.56,102757.56,0,0,SETTLE-004905
REC004906001,L004906,2023-11-19,Legal Recovery,4001.26,4001.26,0,0,LEGAL-004906
REC004909001,L004909,2026-02-03,Legal Recovery,4757.22,4757.22,0,0,LEGAL-004909
REC004910001,L004910,2022-07-14,Settlement,79887.94,79887.94,0,0,SETTLE-004910
REC004912001,L004912,2022-06-13,Settlement,80089.51,80089.51,0,0,SETTLE-004912
REC004925001,L004925,2024-08-18,Legal Recovery,8061.55,8061.55,0,0,LEGAL-004925
REC004930001,L004930,2024-04-16,Settlement,30367.43,30367.43,0,0,SETTLE-004930
REC004937001,L004937,2024-04-16,Settlement,48385.17,48385.17,0,0,SETTLE-004937
REC004939001,L004939,2025-01-16,Settlement,23992.27,23992.27,0,0,SETTLE-004939
REC004940001,L004940,2023-11-16,Settlement,25572.63,25572.63,0,0,SETTLE-004940
REC004945001,L004945,2023-03-16,Settlement,64083.29,64083.29,0,0,SETTLE-004945
REC004949001,L004949,2026-01-17,Settlement,23163.14,23163.14,0,0,SETTLE-004949
REC004953001,L004953,2023-10-17,Settlement,51506.94,51506.94,0,0,SETTLE-004953
REC004965001,L004965,2023-01-18,Settlement,63833.74,63833.74,0,0,SETTLE-004965
REC004966001,L004966,2025-06-18,Settlement,36107.89,36107.89,0,0,SETTLE-004966
REC004968001,L004968,2022-07-19,Settlement,10475.4,10475.4,0,0,SETTLE-004968
REC005001001,L005001,2022-07-23,Settlement,136942.11,136942.11,0,0,SETTLE-005001
REC005004001,L005004,2023-08-24,Settlement,405077.14,405077.14,0,0,SETTLE-005004
REC005025001,L005025,2022-07-27,Settlement,115016.8,115016.8,0,0,SETTLE-005025
REC005031001,L005031,2023-05-20,Legal Recovery,1295.97,1295.97,0,0,LEGAL-005031
REC005032001,L005032,2024-01-26,Collateral Liquidation,356978.16,344352.97,12625.19,0,COLL005032
REC005039001,L005039,2024-12-28,Settlement,4342.18,4342.18,0,0,SETTLE-005039
REC005050001,L005050,2023-06-29,Settlement,11552.46,11552.46,0,0,SETTLE-005050
REC005055001,L005055,2023-10-30,Settlement,9425.59,9425.59,0,0,SETTLE-005055
REC005056001,L005056,2023-10-30,Settlement,28473.42,28473.42,0,0,SETTLE-005056
REC005058001,L005058,2022-09-30,Settlement,80173.39,80173.39,0,0,SETTLE-005058
REC005071001,L005071,2025-05-31,Settlement,7038.88,7038.88,0,0,SETTLE-005071
REC005072001,L005072,2024-01-31,Settlement,11901.82,11901.82,0,0,SETTLE-005072
REC005086001,L005086,2023-09-02,Settlement,39005.66,39005.66,0,0,SETTLE-005086
REC005095001,L005095,2022-09-12,Collateral Liquidation,240776.57,240776.57,0,0,COLL005095
REC005102001,L005102,2024-05-05,Settlement,3576.02,3576.02,0,0,SETTLE-005102
REC005111001,L005111,2023-10-05,Settlement,64463.87,64463.87,0,0,SETTLE-005111
REC005129001,L005129,2023-02-06,Settlement,100150.53,100150.53,0,0,SETTLE-005129
REC005132001,L005132,2022-12-08,Settlement,101418.8,101418.8,0,0,SETTLE-005132
REC005135001,L005135,2024-08-07,Settlement,3337.99,3337.99,0,0,SETTLE-005135
REC005137001,L005137,2023-04-07,Settlement,29388.87,29388.87,0,0,SETTLE-005137
REC005141001,L005141,2023-10-23,Legal Recovery,5563.09,5563.09,0,0,LEGAL-005141
REC005142001,L005142,2022-10-09,Settlement,23439.83,23439.83,0,0,SETTLE-005142
REC005159001,L005159,2025-10-10,Settlement,8294.31,8294.31,0,0,SETTLE-005159
REC005169001,L005169,2023-02-23,Legal Recovery,29055.83,29055.83,0,0,LEGAL-005169
REC005177001,L005177,2022-07-12,Settlement,17678.1,17678.1,0,0,SETTLE-005177
REC005188001,L005188,2022-11-12,Settlement,30144.62,30144.62,0,0,SETTLE-005188
REC005193001,L005193,2024-02-13,Settlement,31581.62,31581.62,0,0,SETTLE-005193
REC005212001,L005212,2023-08-16,Settlement,65597.55,65597.55,0,0,SETTLE-005212
REC005218001,L005218,2023-08-16,Settlement,24679.68,24679.68,0,0,SETTLE-005218
REC005222001,L005222,2023-06-16,Settlement,24652.56,24652.56,0,0,SETTLE-005222
REC005232001,L005232,2022-10-17,Settlement,15313.41,15313.41,0,0,SETTLE-005232
REC005237001,L005237,2022-12-29,Legal Recovery,2296.94,2296.94,0,0,LEGAL-005237
REC005238001,L005238,2022-12-18,Settlement,102887.08,102887.08,0,0,SETTLE-005238
REC005246001,L005246,2022-11-12,Collateral Liquidation,62243.08,62243.08,0,0,COLL005246
REC005249001,L005249,2024-10-19,Settlement,117182.93,117182.93,0,0,SETTLE-005249
REC005267001,L005267,2023-07-20,Settlement,108771.34,108771.34,0,0,SETTLE-005267
REC005271001,L005271,2022-07-20,Settlement,219780.52,219780.52,0,0,SETTLE-005271
REC005287001,L005287,2022-11-23,Settlement,25154.87,25154.87,0,0,SETTLE-005287
REC005292001,L005292,2022-09-23,Settlement,139496.07,139496.07,0,0,SETTLE-005292
REC005297001,L005297,2022-07-23,Settlement,13069.06,13069.06,0,0,SETTLE-005297
REC005303001,L005303,2024-02-14,Legal Recovery,11083.6,11083.6,0,0,LEGAL-005303
REC005304001,L005304,2022-10-24,Settlement,203262.76,203262.76,0,0,SETTLE-005304
REC005312001,L005312,2023-06-25,Settlement,78179.19,78179.19,0,0,SETTLE-005312
REC005314001,L005314,2025-09-25,Settlement,3019.24,3019.24,0,0,SETTLE-005314
REC005326001,L005326,2025-01-26,Settlement,81225.54,81225.54,0,0,SETTLE-005326
REC005332001,L005332,2023-06-27,Settlement,88431.4,88431.4,0,0,SETTLE-005332
REC005353001,L005353,2022-10-29,Settlement,97045.89,97045.89,0,0,SETTLE-005353
REC005354001,L005354,2023-07-29,Settlement,20975.67,20975.67,0,0,SETTLE-005354
REC005357001,L005357,2022-10-27,Collateral Liquidation,207027.21,207027.21,0,0,COLL005357
REC005371001,L005371,2023-03-02,Legal Recovery,10580.63,10580.63,0,0,LEGAL-005371
REC005379001,L005379,2024-01-31,Settlement,128870.22,128870.22,0,0,SETTLE-005379
REC005381001,L005381,2024-08-31,Settlement,19325.04,19325.04,0,0,SETTLE-005381
REC005390001,L005390,2023-06-01,Settlement,15291.4,15291.4,0,0,SETTLE-005390
REC005394001,L005394,2022-12-03,Settlement,90337.57,90337.57,0,0,SETTLE-005394
REC005399001,L005399,2023-06-04,Legal Recovery,4373.64,4373.64,0,0,LEGAL-005399
REC005402001,L005402,2023-03-05,Settlement,15049.24,15049.24,0,0,SETTLE-005402
REC005403001,L005403,2025-08-12,Legal Recovery,5580.17,5580.17,0,0,LEGAL-005403
REC005408001,L005408,2024-09-03,Settlement,8184.89,8184.89,0,0,SETTLE-005408
REC005420001,L005420,2023-02-05,Settlement,12413.25,12413.25,0,0,SETTLE-005420
REC005425001,L005425,2023-02-12,Legal Recovery,22063.14,22063.14,0,0,LEGAL-005425
REC005429001,L005429,2022-09-07,Settlement,68085.83,68085.83,0,0,SETTLE-005429
REC005436001,L005436,2023-08-08,Settlement,62311.42,62311.42,0,0,SETTLE-005436
REC005443001,L005443,2023-03-12,Settlement,57506.03,57506.03,0,0,SETTLE-005443
REC005451001,L005451,2022-09-09,Settlement,20518.38,20518.38,0,0,SETTLE-005451
REC005454001,L005454,2022-08-10,Settlement,77856.33,77856.33,0,0,SETTLE-005454
REC005462001,L005462,2023-10-11,Settlement,174739.57,174739.57,0,0,SETTLE-005462
REC005467001,L005467,2023-04-11,Settlement,30065.21,30065.21,0,0,SETTLE-005467
REC005470001,L005470,2023-09-24,Legal Recovery,3077.47,3077.47,0,0,LEGAL-005470
REC005479001,L005479,2022-12-14,Settlement,26899.2,26899.2,0,0,SETTLE-005479
REC005484001,L005484,2023-02-13,Settlement,51842.52,51842.52,0,0,SETTLE-005484
REC005490001,L005490,2024-06-22,Legal Recovery,4923.03,4923.03,0,0,LEGAL-005490
REC005503001,L005503,2023-12-20,Legal Recovery,3822.63,3822.63,0,0,LEGAL-005503
REC005504001,L005504,2022-08-16,Settlement,82255.64,82255.64,0,0,SETTLE-005504
REC005505001,L005505,2022-08-16,Settlement,45964.51,45964.51,0,0,SETTLE-005505
REC005511001,L005511,2022-08-17,Settlement,29829.6,29829.6,0,0,SETTLE-005511
REC005514001,L005514,2023-08-17,Settlement,14297.64,14297.64,0,0,SETTLE-005514
REC005519001,L005519,2025-03-20,Legal Recovery,6237.14,6237.14,0,0,LEGAL-005519
REC005520001,L005520,2023-08-18,Settlement,47881.76,47881.76,0,0,SETTLE-005520
REC005522001,L005522,2023-01-18,Settlement,62462.29,62462.29,0,0,SETTLE-005522
REC005527001,L005527,2026-01-19,Settlement,3400.5,3400.5,0,0,SETTLE-005527
REC005531001,L005531,2023-02-13,Collateral Liquidation,398149.9,398149.9,0,0,COLL005531
REC005535001,L005535,2023-06-28,Legal Recovery,743.29,743.29,0,0,LEGAL-005535
REC005537001,L005537,2022-12-20,Settlement,13768.91,13768.91,0,0,SETTLE-005537
REC005542001,L005542,2024-01-06,Legal Recovery,3164.77,3164.77,0,0,LEGAL-005542
REC005556001,L005556,2024-05-22,Settlement,12018.23,12018.23,0,0,SETTLE-005556
REC005561001,L005561,2023-08-23,Settlement,115368.36,115368.36,0,0,SETTLE-005561
REC005575001,L005575,2025-12-24,Settlement,11937.76,11937.76,0,0,SETTLE-005575
REC005576001,L005576,2022-08-24,Settlement,37845.62,37845.62,0,0,SETTLE-005576
REC005578001,L005578,2022-08-25,Settlement,15320.4,15320.4,0,0,SETTLE-005578
REC005583001,L005583,2024-01-25,Settlement,38109.34,38109.34,0,0,SETTLE-005583
REC005586001,L005586,2025-11-26,Settlement,21988.74,21988.74,0,0,SETTLE-005586
REC005588001,L005588,2025-03-26,Settlement,6427.6,6427.6,0,0,SETTLE-005588
REC005595001,L005595,2025-03-27,Settlement,22751.83,22751.83,0,0,SETTLE-005595
REC005597001,L005597,2022-08-27,Settlement,51964.81,51964.81,0,0,SETTLE-005597
REC005598001,L005598,2025-10-27,Settlement,5773.2,5773.2,0,0,SETTLE-005598
REC005605001,L005605,2023-10-28,Settlement,31442.85,31442.85,0,0,SETTLE-005605
REC005606001,L005606,2024-06-02,Legal Recovery,7162.06,7162.06,0,0,LEGAL-005606
REC005611001,L005611,2024-01-29,Settlement,36247.08,36247.08,0,0,SETTLE-005611
REC005617001,L005617,2023-06-29,Settlement,71324.34,71324.34,0,0,SETTLE-005617
REC005624001,L005624,2023-05-04,Legal Recovery,10047.55,10047.55,0,0,LEGAL-005624
REC005627001,L005627,2023-06-30,Settlement,47311.67,47311.67,0,0,SETTLE-005627
REC005634001,L005634,2024-01-30,Settlement,17860.5,17860.5,0,0,SETTLE-005634
REC005644001,L005644,2023-06-01,Settlement,80446.56,80446.56,0,0,SETTLE-005644
REC005645001,L005645,2023-01-01,Settlement,35499.88,35499.88,0,0,SETTLE-005645
REC005649001,L005649,2023-11-01,Settlement,27188.39,27188.39,0,0,SETTLE-005649
REC005657001,L005657,2022-11-03,Settlement,99029.59,99029.59,0,0,SETTLE-005657
REC005673001,L005673,2022-12-06,Settlement,121528.88,121528.88,0,0,SETTLE-005673
REC005683001,L005683,2022-09-07,Settlement,154771.96,154771.96,0,0,SETTLE-005683
REC005687001,L005687,2025-01-07,Settlement,37912.94,37912.94,0,0,SETTLE-005687
REC005689001,L005689,2024-10-09,Settlement,270888.94,270888.94,0,0,SETTLE-005689
REC005694001,L005694,2025-04-08,Settlement,9187.15,9187.15,0,0,SETTLE-005694
REC005704001,L005704,2025-08-14,Collateral Liquidation,374925.24,215993.89,158931.35,0,COLL005704
REC005710001,L005710,2022-09-11,Settlement,74948.99,74948.99,0,0,SETTLE-005710
REC005712001,L005712,2022-10-12,Settlement,24442.88,24442.88,0,0,SETTLE-005712
REC005719001,L005719,2023-05-13,Settlement,28277.83,28277.83,0,0,SETTLE-005719
REC005724001,L005724,2022-09-12,Settlement,17705.18,17705.18,0,0,SETTLE-005724
REC005725001,L005725,2022-11-12,Settlement,60464.19,60464.19,0,0,SETTLE-005725
REC005726001,L005726,2025-02-13,Settlement,26629.76,26629.76,0,0,SETTLE-005726
REC005730001,L005730,2024-08-13,Settlement,21719.19,21719.19,0,0,SETTLE-005730
REC005743001,L005743,2023-02-15,Settlement,22323.57,22323.57,0,0,SETTLE-005743
REC005750001,L005750,2024-12-16,Settlement,67667.59,67667.59,0,0,SETTLE-005750
REC005760001,L005760,2022-12-17,Settlement,99176.29,99176.29,0,0,SETTLE-005760
REC005774001,L005774,2024-12-19,Settlement,26282.44,26282.44,0,0,SETTLE-005774
REC005781001,L005781,2023-11-20,Settlement,64944.62,64944.62,0,0,SETTLE-005781
REC005782001,L005782,2025-05-21,Settlement,50900.38,50900.38,0,0,SETTLE-005782
REC005791001,L005791,2023-04-22,Settlement,129360.81,129360.81,0,0,SETTLE-005791
REC005794001,L005794,2023-01-22,Settlement,95183.76,95183.76,0,0,SETTLE-005794
REC005796001,L005796,2023-09-22,Settlement,35380.4,35380.4,0,0,SETTLE-005796
REC005812001,L005812,2022-10-24,Settlement,25136.41,25136.41,0,0,SETTLE-005812
REC005813001,L005813,2023-03-24,Settlement,12352.34,12352.34,0,0,SETTLE-005813
REC005821001,L005821,2022-12-25,Settlement,112976.75,112976.75,0,0,SETTLE-005821
REC005822001,L005822,2022-12-09,Legal Recovery,6220.48,6220.48,0,0,LEGAL-005822
REC005823001,L005823,2025-01-26,Settlement,82036.69,82036.69,0,0,SETTLE-005823
REC005824001,L005824,2023-03-26,Settlement,33774.1,33774.1,0,0,SETTLE-005824
REC005834001,L005834,2022-12-27,Settlement,19684.85,19684.85,0,0,SETTLE-005834
REC005850001,L005850,2024-08-29,Settlement,14297.88,14297.88,0,0,SETTLE-005850
REC005853001,L005853,2023-01-18,Legal Recovery,4504.64,4504.64,0,0,LEGAL-005853
REC005860001,L005860,2024-12-30,Settlement,15745.63,15745.63,0,0,SETTLE-005860
REC005863001,L005863,2024-05-05,Legal Recovery,12753.74,12753.74,0,0,LEGAL-005863
REC005869001,L005869,2024-05-31,Settlement,10181.64,10181.64,0,0,SETTLE-005869
REC005870001,L005870,2023-03-31,Settlement,24421.11,24421.11,0,0,SETTLE-005870
REC005878001,L005878,2023-02-02,Settlement,55647.39,55647.39,0,0,SETTLE-005878
REC005879001,L005879,2023-01-02,Settlement,185582.52,185582.52,0,0,SETTLE-005879
REC005882001,L005882,2025-10-03,Settlement,28980.45,28980.45,0,0,SETTLE-005882
REC005884001,L005884,2023-09-03,Legal Recovery,3143.17,3143.17,0,0,LEGAL-005884
REC005893001,L005893,2023-02-03,Settlement,61471.74,61471.74,0,0,SETTLE-005893
REC005900001,L005900,2022-12-05,Settlement,92584.54,92584.54,0,0,SETTLE-005900
REC005902001,L005902,2024-10-16,Legal Recovery,4937.54,4937.54,0,0,LEGAL-005902
REC005911001,L005911,2023-12-07,Settlement,77469.63,77469.63,0,0,SETTLE-005911
REC005917001,L005917,2024-10-08,Settlement,63671.81,63671.81,0,0,SETTLE-005917
REC005924001,L005924,2023-12-09,Settlement,11378.47,11378.47,0,0,SETTLE-005924
REC005937001,L005937,2023-09-10,Settlement,74113.58,74113.58,0,0,SETTLE-005937
REC005942001,L005942,2023-07-30,Collateral Liquidation,91995.55,77570.66,14424.89,0,COLL005942
REC005944001,L005944,2023-03-14,Settlement,59880.24,59880.24,0,0,SETTLE-005944
REC005946001,L005946,2025-07-06,Collateral Liquidation,964927.12,819886.55,145040.57,0,COLL005946
REC005949001,L005949,2022-11-11,Settlement,114349.62,114349.62,0,0,SETTLE-005949
REC005951001,L005951,2025-02-11,Settlement,1211.3,1211.3,0,0,SETTLE-005951
REC005955001,L005955,2023-01-12,Settlement,10739.96,10739.96,0,0,SETTLE-005955
REC005956001,L005956,2025-02-13,Collateral Liquidation,226830.25,197015.28,29814.97,0,COLL005956
REC005959001,L005959,2025-09-13,Settlement,30972.16,30972.16,0,0,SETTLE-005959
REC005962001,L005962,2023-07-14,Settlement,44735.89,44735.89,0,0,SETTLE-005962
REC005978001,L005978,2022-11-15,Settlement,102766.11,102766.11,0,0,SETTLE-005978
REC005992001,L005992,2023-02-01,Legal Recovery,5356.32,5356.32,0,0,LEGAL-005992
REC005993001,L005993,2022-12-07,Collateral Liquidation,117903.15,117903.15,0,0,COLL005993
REC005999001,L005999,2024-03-23,Legal Recovery,1391.54,1391.54,0,0,LEGAL-005999
REC006001001,L006001,2022-10-18,Settlement,86993.05,86993.05,0,0,SETTLE-006001
REC006009001,L006009,2023-08-19,Settlement,16783.62,16783.62,0,0,SETTLE-006009
REC006014001,L006014,2023-10-19,Settlement,23578.48,23578.48,0,0,SETTLE-006014
REC006017001,L006017,2024-02-19,Settlement,31162.83,31162.83,0,0,SETTLE-006017
REC006023001,L006023,2023-07-21,Settlement,21599.56,21599.56,0,0,SETTLE-006023
REC006024001,L006024,2023-02-21,Settlement,51259,51259,0,0,SETTLE-006024
REC006033001,L006033,2023-06-07,Collateral Liquidation,71724.3,71724.3,0,0,COLL006033
REC006036001,L006036,2025-04-23,Settlement,47285.63,47285.63,0,0,SETTLE-006036
REC006040001,L006040,2022-10-23,Settlement,20047.48,20047.48,0,0,SETTLE-006040
REC006045001,L006045,2023-03-27,Legal Recovery,9488.9,9488.9,0,0,LEGAL-006045
REC006051001,L006051,2023-01-24,Settlement,65649.38,65649.38,0,0,SETTLE-006051
REC006058001,L006058,2025-07-25,Settlement,8419.3,8419.3,0,0,SETTLE-006058
REC006069001,L006069,2023-05-26,Settlement,58230.08,58230.08,0,0,SETTLE-006069
REC006087001,L006087,2024-02-28,Settlement,166501.56,166501.56,0,0,SETTLE-006087
REC006089001,L006089,2022-11-29,Settlement,32426.93,32426.93,0,0,SETTLE-006089
REC006101001,L006101,2025-07-29,Settlement,8202.96,8202.96,0,0,SETTLE-006101
REC006102001,L006102,2023-09-19,Collateral Liquidation,56381.6,56381.6,0,0,COLL006102
REC006106001,L006106,2023-04-30,Settlement,1211.5,1211.5,0,0,SETTLE-006106
REC006108001,L006108,2023-03-30,Settlement,88094.84,88094.84,0,0,SETTLE-006108
REC006113001,L006113,2022-10-30,Settlement,200472.92,200472.92,0,0,SETTLE-006113
REC006115001,L006115,2024-04-30,Settlement,10390.98,10390.98,0,0,SETTLE-006115
REC006118001,L006118,2023-11-30,Settlement,5054.26,5054.26,0,0,SETTLE-006118
REC006128001,L006128,2023-12-01,Settlement,35333.03,35333.03,0,0,SETTLE-006128
REC006133001,L006133,2023-10-31,Settlement,16643.99,16643.99,0,0,SETTLE-006133
REC006146001,L006146,2024-08-02,Settlement,33779.44,33779.44,0,0,SETTLE-006146
REC006150001,L006150,2023-12-03,Settlement,87345.56,87345.56,0,0,SETTLE-006150
REC006161001,L006161,2023-09-25,Collateral Liquidation,355550.21,355550.21,0,0,COLL006161
REC006164001,L006164,2022-12-04,Settlement,47092.54,47092.54,0,0,SETTLE-006164
REC006180001,L006180,2025-08-01,Legal Recovery,15084.66,15084.66,0,0,LEGAL-006180
REC006184001,L006184,2022-12-07,Settlement,61559.04,61559.04,0,0,SETTLE-006184
REC006189001,L006189,2023-06-06,Settlement,33826.81,33826.81,0,0,SETTLE-006189
REC006197001,L006197,2024-10-07,Settlement,15387.89,15387.89,0,0,SETTLE-006197
REC006201001,L006201,2023-12-25,Legal Recovery,19000.69,19000.69,0,0,LEGAL-006201
REC006203001,L006203,2023-01-07,Settlement,18123.53,18123.53,0,0,SETTLE-006203
REC006208001,L006208,2023-12-10,Legal Recovery,1801.65,1801.65,0,0,LEGAL-006208
REC006222001,L006222,2023-05-20,Legal Recovery,7772.59,7772.59,0,0,LEGAL-006222
REC006223001,L006223,2025-04-10,Settlement,6990.92,6990.92,0,0,SETTLE-006223
REC006235001,L006235,2023-02-11,Settlement,97335.73,97335.73,0,0,SETTLE-006235
REC006240001,L006240,2023-03-26,Collateral Liquidation,867115.58,867115.58,0,0,COLL006240
REC006244001,L006244,2024-02-12,Settlement,22218.13,22218.13,0,0,SETTLE-006244
REC006265001,L006265,2023-04-13,Settlement,66172.48,66172.48,0,0,SETTLE-006265
REC006266001,L006266,2024-05-06,Legal Recovery,19013.32,19013.32,0,0,LEGAL-006266
REC006285001,L006285,2024-12-16,Settlement,49106.49,49106.49,0,0,SETTLE-006285
REC006287001,L006287,2023-08-17,Settlement,84701.5,84701.5,0,0,SETTLE-006287
REC006288001,L006288,2023-05-17,Settlement,24094.08,24094.08,0,0,SETTLE-006288
REC006298001,L006298,2023-07-18,Settlement,7741.49,7741.49,0,0,SETTLE-006298
REC006301001,L006301,2023-07-18,Settlement,157530.16,157530.16,0,0,SETTLE-006301
REC006302001,L006302,2024-05-18,Settlement,7304.71,7304.71,0,0,SETTLE-006302
REC006303001,L006303,2023-04-18,Settlement,37323.55,37323.55,0,0,SETTLE-006303
REC006310001,L006310,2023-07-14,Legal Recovery,16119,16119,0,0,LEGAL-006310
REC006312001,L006312,2023-04-19,Settlement,17477.64,17477.64,0,0,SETTLE-006312
REC006322001,L006322,2024-02-21,Settlement,28289.63,28289.63,0,0,SETTLE-006322
REC006331001,L006331,2024-11-21,Settlement,16457.82,16457.82,0,0,SETTLE-006331
REC006334001,L006334,2024-07-21,Settlement,41175.35,41175.35,0,0,SETTLE-006334
REC006344001,L006344,2023-01-22,Settlement,14397.24,14397.24,0,0,SETTLE-006344
REC006345001,L006345,2023-10-23,Settlement,70684.92,70684.92,0,0,SETTLE-006345
REC006349001,L006349,2024-06-23,Settlement,203531.27,203531.27,0,0,SETTLE-006349
REC006350001,L006350,2023-08-23,Settlement,10709.58,10709.58,0,0,SETTLE-006350
REC006354001,L006354,2024-05-23,Settlement,41087.11,41087.11,0,0,SETTLE-006354
REC006355001,L006355,2023-08-23,Settlement,44783.77,44783.77,0,0,SETTLE-006355
REC006366001,L006366,2022-11-25,Settlement,38362.39,38362.39,0,0,SETTLE-006366
REC006375001,L006375,2024-08-26,Settlement,69829.19,69829.19,0,0,SETTLE-006375
REC006379001,L006379,2023-02-26,Settlement,60862.29,60862.29,0,0,SETTLE-006379
REC006385001,L006385,2023-04-26,Settlement,35745.93,35745.93,0,0,SETTLE-006385
REC006388001,L006388,2023-08-27,Settlement,157715.46,157715.46,0,0,SETTLE-006388
REC006390001,L006390,2024-04-27,Settlement,87467.54,87467.54,0,0,SETTLE-006390
REC006395001,L006395,2023-09-27,Settlement,129999.82,129999.82,0,0,SETTLE-006395
REC006399001,L006399,2024-10-27,Settlement,11576.6,11576.6,0,0,SETTLE-006399
REC006416001,L006416,2024-11-29,Settlement,92632.24,92632.24,0,0,SETTLE-006416
REC006422001,L006422,2024-09-30,Settlement,22366.28,22366.28,0,0,SETTLE-006422
REC006423001,L006423,2024-05-30,Settlement,75631.75,75631.75,0,0,SETTLE-006423
REC006428001,L006428,2024-07-30,Settlement,5869.71,5869.71,0,0,SETTLE-006428
REC006429001,L006429,2024-11-30,Settlement,35003.48,35003.48,0,0,SETTLE-006429
REC006434001,L006434,2025-03-30,Collateral Liquidation,183713.59,96243.75,87469.84,0,COLL006434
REC006436001,L006436,2024-03-24,Legal Recovery,1739.79,1739.79,0,0,LEGAL-006436
REC006438001,L006438,2023-05-31,Settlement,61809.4,61809.4,0,0,SETTLE-006438
REC006441001,L006441,2022-12-01,Settlement,46127.62,46127.62,0,0,SETTLE-006441
REC006442001,L006442,2023-03-31,Settlement,41113.48,41113.48,0,0,SETTLE-006442
REC006446001,L006446,2023-05-02,Settlement,23826.3,23826.3,0,0,SETTLE-006446
REC006450001,L006450,2022-12-02,Settlement,179081.15,179081.15,0,0,SETTLE-006450
REC006451001,L006451,2022-12-02,Settlement,21161.79,21161.79,0,0,SETTLE-006451
REC006467001,L006467,2024-09-01,Collateral Liquidation,317426.12,250179.5,67246.62,0,COLL006467
REC006472001,L006472,2023-04-03,Settlement,31410.53,31410.53,0,0,SETTLE-006472
REC006473001,L006473,2023-04-03,Settlement,201695.7,201695.7,0,0,SETTLE-006473
REC006479001,L006479,2023-03-07,Settlement,221908.76,221908.76,0,0,SETTLE-006479
REC006488001,L006488,2025-04-13,Legal Recovery,1971.82,1971.82,0,0,LEGAL-006488
REC006492001,L006492,2024-02-05,Settlement,30878.51,30878.51,0,0,SETTLE-006492
REC006493001,L006493,2023-01-05,Settlement,19370.07,19370.07,0,0,SETTLE-006493
REC006495001,L006495,2023-05-15,Legal Recovery,17858.1,17858.1,0,0,LEGAL-006495
REC006507001,L006507,2025-02-06,Legal Recovery,11995.04,11995.04,0,0,LEGAL-006507
REC006518001,L006518,2024-07-25,Legal Recovery,6125.94,6125.94,0,0,LEGAL-006518
REC006521001,L006521,2023-01-08,Settlement,20483.98,20483.98,0,0,SETTLE-006521
REC006525001,L006525,2023-07-09,Settlement,58091.3,58091.3,0,0,SETTLE-006525
REC006528001,L006528,2022-12-09,Settlement,167009.07,167009.07,0,0,SETTLE-006528
REC006534001,L006534,2023-11-08,Settlement,23653.44,23653.44,0,0,SETTLE-006534
REC006550001,L006550,2022-12-11,Settlement,58547.57,58547.57,0,0,SETTLE-006550
REC006568001,L006568,2022-12-13,Settlement,23020.52,23020.52,0,0,SETTLE-006568
REC006586001,L006586,2023-03-15,Settlement,19325.21,19325.21,0,0,SETTLE-006586
REC006587001,L006587,2024-10-15,Settlement,26363.18,26363.18,0,0,SETTLE-006587
REC006588001,L006588,2023-01-14,Settlement,71605.53,71605.53,0,0,SETTLE-006588
REC006589001,L006589,2025-06-14,Settlement,107880.76,107880.76,0,0,SETTLE-006589
REC006592001,L006592,2023-05-15,Settlement,199034.92,199034.92,0,0,SETTLE-006592
REC006595001,L006595,2024-11-15,Settlement,12667,12667,0,0,SETTLE-006595
REC006596001,L006596,2023-08-14,Settlement,44561.86,44561.86,0,0,SETTLE-006596
REC006598001,L006598,2025-06-15,Settlement,11839.91,11839.91,0,0,SETTLE-006598
REC006604001,L006604,2023-03-16,Settlement,63115.57,63115.57,0,0,SETTLE-006604
REC006606001,L006606,2025-08-16,Settlement,30007.65,30007.65,0,0,SETTLE-006606
REC006607001,L006607,2023-06-16,Settlement,13281.72,13281.72,0,0,SETTLE-006607
REC006616001,L006616,2024-04-17,Settlement,5732.92,5732.92,0,0,SETTLE-006616
REC006620001,L006620,2023-09-08,Legal Recovery,4179.47,4179.47,0,0,LEGAL-006620
REC006628001,L006628,2024-04-18,Settlement,29258.75,29258.75,0,0,SETTLE-006628
REC006637001,L006637,2023-05-09,Legal Recovery,5991.11,5991.11,0,0,LEGAL-006637
REC006640001,L006640,2023-08-19,Settlement,28671.58,28671.58,0,0,SETTLE-006640
REC006641001,L006641,2025-04-09,Collateral Liquidation,331518.64,142426.63,189092.01,0,COLL006641
REC006645001,L006645,2024-10-04,Legal Recovery,1063.28,1063.28,0,0,LEGAL-006645
REC006647001,L006647,2024-03-20,Settlement,57397.28,57397.28,0,0,SETTLE-006647
REC006649001,L006649,2024-07-20,Settlement,4363.77,4363.77,0,0,SETTLE-006649
REC006656001,L006656,2025-12-15,Legal Recovery,3101.1,3101.1,0,0,LEGAL-006656
REC006672001,L006672,2023-02-21,Settlement,10749.16,10749.16,0,0,SETTLE-006672
REC006689001,L006689,2025-09-23,Settlement,50775.97,50775.97,0,0,SETTLE-006689
REC006694001,L006694,2024-01-10,Legal Recovery,2952.19,2952.19,0,0,LEGAL-006694
REC006700001,L006700,2024-01-23,Settlement,33999.3,33999.3,0,0,SETTLE-006700
REC006706001,L006706,2023-01-24,Settlement,78204.86,78204.86,0,0,SETTLE-006706
REC006717001,L006717,2023-03-24,Settlement,35243.93,35243.93,0,0,SETTLE-006717
REC006720001,L006720,2024-11-25,Settlement,231932.22,231932.22,0,0,SETTLE-006720
REC006727001,L006727,2023-01-25,Settlement,94173.27,94173.27,0,0,SETTLE-006727
REC006735001,L006735,2023-07-15,Legal Recovery,25165.46,25165.46,0,0,LEGAL-006735
REC006742001,L006742,2023-06-27,Settlement,38830.83,38830.83,0,0,SETTLE-006742
REC006753001,L006753,2024-12-10,Legal Recovery,2967.44,2967.44,0,0,LEGAL-006753
REC006754001,L006754,2024-01-28,Settlement,10395.97,10395.97,0,0,SETTLE-006754
REC006756001,L006756,2024-12-28,Settlement,6211.42,6211.42,0,0,SETTLE-006756
REC006757001,L006757,2024-11-29,Settlement,101314.79,101314.79,0,0,SETTLE-006757
REC006762001,L006762,2023-03-29,Settlement,106013.74,106013.74,0,0,SETTLE-006762
REC006766001,L006766,2023-03-01,Settlement,95347.97,95347.97,0,0,SETTLE-006766
REC006767001,L006767,2023-04-29,Settlement,40840.17,40840.17,0,0,SETTLE-006767
REC006769001,L006769,2024-12-30,Settlement,11410.96,11410.96,0,0,SETTLE-006769
REC006770001,L006770,2023-04-30,Settlement,148242.72,148242.72,0,0,SETTLE-006770
REC006780001,L006780,2023-12-13,Collateral Liquidation,254972.33,225159.02,29813.31,0,COLL006780
REC006785001,L006785,2024-10-01,Settlement,2557.15,2557.15,0,0,SETTLE-006785
REC006793001,L006793,2023-02-01,Settlement,34786.54,34786.54,0,0,SETTLE-006793
REC006804001,L006804,2023-03-04,Settlement,35826.11,35826.11,0,0,SETTLE-006804
REC006808001,L006808,2023-09-02,Settlement,81225.23,81225.23,0,0,SETTLE-006808
REC006810001,L006810,2023-07-03,Settlement,21363.44,21363.44,0,0,SETTLE-006810
REC006827001,L006827,2023-11-04,Settlement,32445.12,32445.12,0,0,SETTLE-006827
REC006829001,L006829,2023-06-04,Settlement,43477.3,43477.3,0,0,SETTLE-006829
REC006830001,L006830,2024-05-05,Settlement,11235.02,11235.02,0,0,SETTLE-006830
REC006834001,L006834,2023-12-06,Settlement,113004.84,113004.84,0,0,SETTLE-006834
REC006844001,L006844,2023-02-06,Settlement,72630.9,72630.9,0,0,SETTLE-006844
REC006846001,L006846,2023-05-20,Collateral Liquidation,249058.08,247862.75,1195.33,0,COLL006846
REC006852001,L006852,2024-06-07,Settlement,45402.08,45402.08,0,0,SETTLE-006852
REC006857001,L006857,2025-10-08,Settlement,24086.58,24086.58,0,0,SETTLE-006857
REC006873001,L006873,2023-09-08,Settlement,49378.94,49378.94,0,0,SETTLE-006873
REC006875001,L006875,2023-09-09,Settlement,144394.05,144394.05,0,0,SETTLE-006875
REC006887001,L006887,2024-05-11,Settlement,10720.32,10720.32,0,0,SETTLE-006887
REC006900001,L006900,2026-01-01,Legal Recovery,686.71,686.71,0,0,LEGAL-006900
REC006901001,L006901,2025-11-11,Settlement,2289.13,2289.13,0,0,SETTLE-006901
REC006909001,L006909,2023-11-29,Legal Recovery,8150.89,8150.89,0,0,LEGAL-006909
REC006911001,L006911,2023-05-13,Settlement,48912.4,48912.4,0,0,SETTLE-006911
REC006919001,L006919,2023-09-12,Settlement,80271.4,80271.4,0,0,SETTLE-006919
REC006922001,L006922,2024-05-13,Settlement,15629.93,15629.93,0,0,SETTLE-006922
REC006926001,L006926,2024-06-13,Settlement,48172.13,48172.13,0,0,SETTLE-006926
REC006935001,L006935,2023-02-14,Settlement,128271.27,128271.27,0,0,SETTLE-006935
REC006937001,L006937,2024-09-14,Settlement,71977.29,71977.29,0,0,SETTLE-006937
REC006943001,L006943,2023-11-16,Settlement,85512.03,85512.03,0,0,SETTLE-006943
REC006948001,L006948,2024-07-16,Settlement,54397.62,54397.62,0,0,SETTLE-006948
REC006952001,L006952,2023-04-16,Settlement,48763.63,48763.63,0,0,SETTLE-006952
REC006966001,L006966,2023-02-18,Settlement,108281.63,108281.63,0,0,SETTLE-006966
REC006976001,L006976,2023-09-30,Legal Recovery,8543.47,8543.47,0,0,LEGAL-006976
REC006983001,L006983,2024-09-18,Collateral Liquidation,353231.49,353231.49,0,0,COLL006983
REC006996001,L006996,2023-12-20,Settlement,9818.52,9818.52,0,0,SETTLE-006996
REC007001001,L007001,2023-06-20,Settlement,78916.23,78916.23,0,0,SETTLE-007001
REC007002001,L007002,2023-11-20,Settlement,40202.19,40202.19,0,0,SETTLE-007002
REC007005001,L007005,2023-06-21,Settlement,376874.45,376874.45,0,0,SETTLE-007005
REC007006001,L007006,2025-12-21,Settlement,8641.03,8641.03,0,0,SETTLE-007006
REC007008001,L007008,2024-12-21,Settlement,18902.29,18902.29,0,0,SETTLE-007008
REC007012001,L007012,2023-04-22,Settlement,51636.04,51636.04,0,0,SETTLE-007012
REC007020001,L007020,2024-09-22,Settlement,16375.02,16375.02,0,0,SETTLE-007020
REC007023001,L007023,2023-02-23,Settlement,216406.44,216406.44,0,0,SETTLE-007023
REC007026001,L007026,2023-05-23,Settlement,24615.91,24615.91,0,0,SETTLE-007026
REC007034001,L007034,2023-09-23,Settlement,34756.46,34756.46,0,0,SETTLE-007034
REC007048001,L007048,2023-02-25,Settlement,51269.15,51269.15,0,0,SETTLE-007048
REC007050001,L007050,2024-09-25,Settlement,19806.61,19806.61,0,0,SETTLE-007050
REC007053001,L007053,2023-10-25,Settlement,16141.25,16141.25,0,0,SETTLE-007053
REC007056001,L007056,2023-10-25,Settlement,57078.49,57078.49,0,0,SETTLE-007056
REC007057001,L007057,2023-10-25,Settlement,34422.6,34422.6,0,0,SETTLE-007057
REC007063001,L007063,2023-01-26,Settlement,632980.91,632980.91,0,0,SETTLE-007063
REC007064001,L007064,2024-07-26,Settlement,28425.83,28425.83,0,0,SETTLE-007064
REC007067001,L007067,2023-05-26,Settlement,33205.96,33205.96,0,0,SETTLE-007067
REC007072001,L007072,2024-12-27,Settlement,179984.72,179984.72,0,0,SETTLE-007072
REC007073001,L007073,2023-02-27,Settlement,88362.5,88362.5,0,0,SETTLE-007073
REC007079001,L007079,2023-03-27,Settlement,10489.73,10489.73,0,0,SETTLE-007079
REC007091001,L007091,2025-06-15,Collateral Liquidation,312132.54,129391.88,182740.66,0,COLL007091
REC007103001,L007103,2023-04-23,Legal Recovery,9826.99,9826.99,0,0,LEGAL-007103
REC007108001,L007108,2023-12-30,Settlement,9998.4,9998.4,0,0,SETTLE-007108
REC007110001,L007110,2025-04-30,Settlement,8386.25,8386.25,0,0,SETTLE-007110
REC007113001,L007113,2024-10-24,Legal Recovery,11735.47,11735.47,0,0,LEGAL-007113
REC007119001,L007119,2023-08-31,Settlement,15999.53,15999.53,0,0,SETTLE-007119
REC007130001,L007130,2024-02-08,Collateral Liquidation,219291.93,132996.41,86295.52,0,COLL007130
REC007144001,L007144,2023-03-05,Settlement,16580.25,16580.25,0,0,SETTLE-007144
REC007158001,L007158,2024-06-19,Collateral Liquidation,292590.65,197499.13,95091.52,0,COLL007158
REC007160001,L007160,2023-04-03,Settlement,80042.67,80042.67,0,0,SETTLE-007160
REC007167001,L007167,2024-12-04,Settlement,38795.7,38795.7,0,0,SETTLE-007167
REC007168001,L007168,2024-08-04,Settlement,44798.21,44798.21,0,0,SETTLE-007168
REC007170001,L007170,2023-06-04,Settlement,44745.26,44745.26,0,0,SETTLE-007170
REC007180001,L007180,2025-06-23,Collateral Liquidation,274451.31,134876.38,139574.93,0,COLL007180
REC007196001,L007196,2025-05-07,Settlement,68227.93,68227.93,0,0,SETTLE-007196
REC007206001,L007206,2025-02-07,Settlement,26265.96,26265.96,0,0,SETTLE-007206
REC007211001,L007211,2024-10-09,Settlement,171616.64,171616.64,0,0,SETTLE-007211
REC007225001,L007225,2024-12-10,Settlement,9332.94,9332.94,0,0,SETTLE-007225
REC007228001,L007228,2024-04-09,Settlement,8966.22,8966.22,0,0,SETTLE-007228
REC007230001,L007230,2023-08-10,Settlement,22086.21,22086.21,0,0,SETTLE-007230
REC007235001,L007235,2024-04-10,Settlement,64716.08,64716.08,0,0,SETTLE-007235
REC007244001,L007244,2024-05-12,Settlement,136054.87,136054.87,0,0,SETTLE-007244
REC007266001,L007266,2023-04-13,Settlement,116130.99,116130.99,0,0,SETTLE-007266
REC007273001,L007273,2023-06-14,Settlement,42258.93,42258.93,0,0,SETTLE-007273
REC007274001,L007274,2023-12-13,Settlement,41626.89,41626.89,0,0,SETTLE-007274
REC007278001,L007278,2025-09-14,Settlement,74497.61,74497.61,0,0,SETTLE-007278
REC007280001,L007280,2023-04-14,Settlement,59341.4,59341.4,0,0,SETTLE-007280
REC007287001,L007287,2023-11-15,Settlement,13654.15,13654.15,0,0,SETTLE-007287
REC007293001,L007293,2023-02-16,Settlement,43282.79,43282.79,0,0,SETTLE-007293
REC007311001,L007311,2023-04-17,Settlement,156953.09,156953.09,0,0,SETTLE-007311
REC007313001,L007313,2023-10-18,Settlement,52679.86,52679.86,0,0,SETTLE-007313
REC007315001,L007315,2024-06-18,Settlement,150711.56,150711.56,0,0,SETTLE-007315
REC007341001,L007341,2025-04-20,Settlement,7813.34,7813.34,0,0,SETTLE-007341
REC007359001,L007359,2023-09-21,Settlement,40112.69,40112.69,0,0,SETTLE-007359
REC007360001,L007360,2023-11-21,Settlement,66438.73,66438.73,0,0,SETTLE-007360
REC007371001,L007371,2025-02-22,Settlement,122547.64,122547.64,0,0,SETTLE-007371
REC007374001,L007374,2026-03-06,Collateral Liquidation,279671.38,81723.63,197947.75,0,COLL007374
REC007380001,L007380,2023-10-23,Settlement,46456.72,46456.72,0,0,SETTLE-007380
REC007383001,L007383,2024-01-23,Settlement,333881.97,333881.97,0,0,SETTLE-007383
REC007386001,L007386,2026-04-05,Collateral Liquidation,409675.67,222361.95,187313.72,0,COLL007386
REC007399001,L007399,2023-07-24,Settlement,74595.86,74595.86,0,0,SETTLE-007399
REC007402001,L007402,2023-02-25,Settlement,128580.34,128580.34,0,0,SETTLE-007402
REC007428001,L007428,2024-02-27,Settlement,90583.96,90583.96,0,0,SETTLE-007428
REC007432001,L007432,2023-03-27,Settlement,44266.6,44266.6,0,0,SETTLE-007432
REC007433001,L007433,2023-06-27,Settlement,38058.58,38058.58,0,0,SETTLE-007433
REC007436001,L007436,2024-02-27,Settlement,9922.5,9922.5,0,0,SETTLE-007436
REC007439001,L007439,2024-12-27,Settlement,35957.92,35957.92,0,0,SETTLE-007439
REC007462001,L007462,2024-02-29,Settlement,13988.58,13988.58,0,0,SETTLE-007462
REC007463001,L007463,2023-12-30,Settlement,50517.47,50517.47,0,0,SETTLE-007463
REC007471001,L007471,2023-04-30,Settlement,15817.4,15817.4,0,0,SETTLE-007471
REC007481001,L007481,2023-07-01,Settlement,45888.45,45888.45,0,0,SETTLE-007481
REC007491001,L007491,2023-06-01,Settlement,40114.75,40114.75,0,0,SETTLE-007491
REC007497001,L007497,2025-02-01,Settlement,17693.61,17693.61,0,0,SETTLE-007497
REC007499001,L007499,2024-05-03,Settlement,29390.27,29390.27,0,0,SETTLE-007499
REC007507001,L007507,2023-11-03,Settlement,51004.68,51004.68,0,0,SETTLE-007507
REC007508001,L007508,2023-10-04,Settlement,22172.74,22172.74,0,0,SETTLE-007508
REC007509001,L007509,2024-01-03,Settlement,115387.49,115387.49,0,0,SETTLE-007509
REC007511001,L007511,2025-01-03,Settlement,5388.38,5388.38,0,0,SETTLE-007511
REC007516001,L007516,2025-12-04,Settlement,29279.09,29279.09,0,0,SETTLE-007516
REC007522001,L007522,2023-10-05,Settlement,109244.37,109244.37,0,0,SETTLE-007522
REC007523001,L007523,2023-12-05,Settlement,26985.86,26985.86,0,0,SETTLE-007523
REC007531001,L007531,2024-06-05,Settlement,85566.07,85566.07,0,0,SETTLE-007531
REC007533001,L007533,2024-01-05,Settlement,24763.42,24763.42,0,0,SETTLE-007533
REC007535001,L007535,2023-07-06,Settlement,27903.12,27903.12,0,0,SETTLE-007535
REC007542001,L007542,2024-03-08,Settlement,89744.93,89744.93,0,0,SETTLE-007542
REC007547001,L007547,2023-12-07,Settlement,92027.03,92027.03,0,0,SETTLE-007547
REC007552001,L007552,2024-10-08,Settlement,25184.47,25184.47,0,0,SETTLE-007552
REC007554001,L007554,2025-09-07,Settlement,80174.39,80174.39,0,0,SETTLE-007554
REC007555001,L007555,2023-09-07,Settlement,62399.58,62399.58,0,0,SETTLE-007555
REC007561001,L007561,2024-10-08,Settlement,54916.02,54916.02,0,0,SETTLE-007561
REC007580001,L007580,2023-05-09,Settlement,29457.47,29457.47,0,0,SETTLE-007580
REC007583001,L007583,2023-05-10,Settlement,108954.24,108954.24,0,0,SETTLE-007583
REC007597001,L007597,2023-03-12,Settlement,75533.2,75533.2,0,0,SETTLE-007597
REC007598001,L007598,2024-05-10,Settlement,343466.38,343466.38,0,0,SETTLE-007598
REC007603001,L007603,2025-01-10,Settlement,14230.05,14230.05,0,0,SETTLE-007603
REC007606001,L007606,2023-10-11,Settlement,11765.76,11765.76,0,0,SETTLE-007606
REC007608001,L007608,2025-02-10,Settlement,7921.71,7921.71,0,0,SETTLE-007608
REC007611001,L007611,2023-04-10,Settlement,27513.81,27513.81,0,0,SETTLE-007611
REC007616001,L007616,2025-02-11,Collateral Liquidation,936268.52,797707.84,138560.68,0,COLL007616
REC007617001,L007617,2025-02-03,Collateral Liquidation,230196.06,113472.38,116723.68,0,COLL007617
REC007623001,L007623,2025-05-12,Settlement,4419.85,4419.85,0,0,SETTLE-007623
REC007624001,L007624,2026-01-11,Settlement,37041.67,37041.67,0,0,SETTLE-007624
REC007629001,L007629,2023-05-13,Settlement,49539.67,49539.67,0,0,SETTLE-007629
REC007630001,L007630,2024-11-12,Settlement,72745.13,72745.13,0,0,SETTLE-007630
REC007631001,L007631,2023-07-13,Settlement,538765.06,538765.06,0,0,SETTLE-007631
REC007633001,L007633,2023-07-13,Settlement,26816.82,26816.82,0,0,SETTLE-007633
REC007638001,L007638,2024-03-24,Legal Recovery,4645.93,4645.93,0,0,LEGAL-007638
REC007644001,L007644,2023-08-13,Settlement,100731.23,100731.23,0,0,SETTLE-007644
REC007647001,L007647,2024-06-13,Settlement,16805.46,16805.46,0,0,SETTLE-007647
REC007651001,L007651,2023-06-13,Settlement,70053.23,70053.23,0,0,SETTLE-007651
REC007655001,L007655,2023-11-13,Settlement,28444.11,28444.11,0,0,SETTLE-007655
REC007663001,L007663,2025-02-13,Settlement,6620.89,6620.89,0,0,SETTLE-007663
REC007679001,L007679,2023-10-16,Settlement,41544.62,41544.62,0,0,SETTLE-007679
REC007686001,L007686,2024-04-17,Settlement,99113.38,99113.38,0,0,SETTLE-007686
REC007701001,L007701,2023-07-19,Settlement,54800.5,54800.5,0,0,SETTLE-007701
REC007707001,L007707,2025-04-19,Settlement,102533.96,102533.96,0,0,SETTLE-007707
REC007722001,L007722,2023-10-08,Collateral Liquidation,303355.14,303355.14,0,0,COLL007722
REC007722002,L007722,2023-11-19,Legal Recovery,16754.94,16754.94,0,0,LEGAL-007722
REC007723001,L007723,2024-09-21,Settlement,4608.91,4608.91,0,0,SETTLE-007723
REC007724001,L007724,2023-04-21,Settlement,31838.47,31838.47,0,0,SETTLE-007724
REC007729001,L007729,2025-01-24,Legal Recovery,1729.82,1729.82,0,0,LEGAL-007729
REC007749001,L007749,2024-11-24,Settlement,19441.59,19441.59,0,0,SETTLE-007749
REC007774001,L007774,2023-06-26,Settlement,84068.7,84068.7,0,0,SETTLE-007774
REC007775001,L007775,2024-01-26,Settlement,24860.13,24860.13,0,0,SETTLE-007775
REC007776001,L007776,2023-04-26,Settlement,84228.36,84228.36,0,0,SETTLE-007776
REC007802001,L007802,2025-04-30,Settlement,0,0,0,0,SETTLE-007802
REC007811001,L007811,2023-04-30,Settlement,62881.13,62881.13,0,0,SETTLE-007811
REC007832001,L007832,2024-04-01,Collateral Liquidation,367682.13,367682.13,0,0,COLL007832
REC007836001,L007836,2025-07-03,Settlement,68818.86,68818.86,0,0,SETTLE-007836
REC007839001,L007839,2023-04-02,Settlement,59455.5,59455.5,0,0,SETTLE-007839
REC007846001,L007846,2026-01-03,Settlement,42049.19,42049.19,0,0,SETTLE-007846
REC007867001,L007867,2023-10-06,Settlement,8383.49,8383.49,0,0,SETTLE-007867
REC007870001,L007870,2023-11-05,Settlement,86253.58,86253.58,0,0,SETTLE-007870
REC007886001,L007886,2023-08-07,Settlement,9844.02,9844.02,0,0,SETTLE-007886
REC007890001,L007890,2024-04-08,Settlement,7914.54,7914.54,0,0,SETTLE-007890
REC007893001,L007893,2024-03-10,Settlement,25097.48,25097.48,0,0,SETTLE-007893
REC007898001,L007898,2023-06-09,Settlement,58409.12,58409.12,0,0,SETTLE-007898
REC007903001,L007903,2023-09-09,Settlement,164138.68,164138.68,0,0,SETTLE-007903
REC007904001,L007904,2023-11-23,Collateral Liquidation,99367.39,87191.87,12175.52,0,COLL007904
REC007932001,L007932,2025-06-12,Settlement,55595.68,55595.68,0,0,SETTLE-007932
REC007937001,L007937,2024-06-12,Settlement,57553.76,57553.76,0,0,SETTLE-007937
REC007947001,L007947,2023-05-16,Settlement,75336.21,75336.21,0,0,SETTLE-007947
REC007949001,L007949,2025-07-17,Settlement,9780.27,9780.27,0,0,SETTLE-007949
REC007953001,L007953,2024-02-29,Legal Recovery,13580.53,13580.53,0,0,LEGAL-007953
REC007963001,L007963,2023-07-18,Settlement,202010.64,202010.64,0,0,SETTLE-007963
REC007967001,L007967,2023-10-19,Settlement,19697.72,19697.72,0,0,SETTLE-007967
REC007968001,L007968,2025-07-19,Settlement,160671.09,160671.09,0,0,SETTLE-007968
REC007994001,L007994,2025-10-21,Settlement,2318.22,2318.22,0,0,SETTLE-007994
REC008017001,L008017,2023-04-22,Settlement,203638.17,203638.17,0,0,SETTLE-008017
REC008024001,L008024,2023-09-27,Collateral Liquidation,164799.67,164799.67,0,0,COLL008024
REC008024002,L008024,2023-10-06,Legal Recovery,24609.79,24609.79,0,0,LEGAL-008024
REC008025001,L008025,2023-04-23,Settlement,97779.49,97779.49,0,0,SETTLE-008025
REC008026001,L008026,2023-07-31,Legal Recovery,5170.2,5170.2,0,0,LEGAL-008026
REC008041001,L008041,2023-06-24,Settlement,35478.38,35478.38,0,0,SETTLE-008041
REC008043001,L008043,2025-03-25,Settlement,34644.77,34644.77,0,0,SETTLE-008043
REC008044001,L008044,2025-06-24,Collateral Liquidation,423700.8,318965.61,104735.19,0,COLL008044
REC008046001,L008046,2024-05-29,Collateral Liquidation,219840.41,219840.41,0,0,COLL008046
REC008047001,L008047,2024-01-20,Collateral Liquidation,287881.95,252707.41,35174.54,0,COLL008047
REC008051001,L008051,2023-04-26,Settlement,37943.46,37943.46,0,0,SETTLE-008051
REC008064001,L008064,2026-02-27,Settlement,539.03,539.03,0,0,SETTLE-008064
REC008066001,L008066,2023-10-06,Collateral Liquidation,228851.7,228851.7,0,0,COLL008066
REC008068001,L008068,2024-04-27,Settlement,26302.16,26302.16,0,0,SETTLE-008068
REC008076001,L008076,2023-08-28,Settlement,23097.87,23097.87,0,0,SETTLE-008076
REC008080001,L008080,2023-11-29,Settlement,42161.49,42161.49,0,0,SETTLE-008080
REC008085001,L008085,2023-10-11,Legal Recovery,8977.19,8977.19,0,0,LEGAL-008085
REC008089001,L008089,2024-12-30,Settlement,4789.1,4789.1,0,0,SETTLE-008089
REC008094001,L008094,2024-03-01,Settlement,5082.5,5082.5,0,0,SETTLE-008094
REC008095001,L008095,2025-01-30,Settlement,21434.18,21434.18,0,0,SETTLE-008095
REC008097001,L008097,2023-04-30,Settlement,51433.14,51433.14,0,0,SETTLE-008097
REC008099001,L008099,2024-10-01,Settlement,98489.42,98489.42,0,0,SETTLE-008099
REC008106001,L008106,2024-03-31,Settlement,36745.78,36745.78,0,0,SETTLE-008106
REC008109001,L008109,2024-10-31,Settlement,32582.17,32582.17,0,0,SETTLE-008109
REC008120001,L008120,2023-05-02,Settlement,65752.08,65752.08,0,0,SETTLE-008120
REC008125001,L008125,2024-11-19,Legal Recovery,23158.9,23158.9,0,0,LEGAL-008125
REC008145001,L008145,2024-04-04,Settlement,34993.59,34993.59,0,0,SETTLE-008145
REC008152001,L008152,2023-12-05,Settlement,117769.83,117769.83,0,0,SETTLE-008152
REC008163001,L008163,2023-09-06,Settlement,212297.6,212297.6,0,0,SETTLE-008163
REC008175001,L008175,2023-06-07,Settlement,16743.3,16743.3,0,0,SETTLE-008175
REC008190001,L008190,2024-09-09,Settlement,2648.15,2648.15,0,0,SETTLE-008190
REC008194001,L008194,2024-05-10,Settlement,113595.04,113595.04,0,0,SETTLE-008194
REC008195001,L008195,2023-05-10,Settlement,154565.68,154565.68,0,0,SETTLE-008195
REC008206001,L008206,2023-09-10,Settlement,25343.52,25343.52,0,0,SETTLE-008206
REC008211001,L008211,2024-12-12,Settlement,21979.46,21979.46,0,0,SETTLE-008211
REC008213001,L008213,2023-07-12,Settlement,32289.88,32289.88,0,0,SETTLE-008213
REC008215001,L008215,2023-10-12,Settlement,41180.72,41180.72,0,0,SETTLE-008215
REC008219001,L008219,2024-06-12,Settlement,72967.35,72967.35,0,0,SETTLE-008219
REC008220001,L008220,2024-05-13,Settlement,120832.75,120832.75,0,0,SETTLE-008220
REC008225001,L008225,2025-01-03,Collateral Liquidation,98933.77,59469.5,39464.27,0,COLL008225
REC008229001,L008229,2024-05-13,Settlement,50691.9,50691.9,0,0,SETTLE-008229
REC008244001,L008244,2024-01-14,Settlement,34635.11,34635.11,0,0,SETTLE-008244
REC008256001,L008256,2025-10-16,Settlement,7141.64,7141.64,0,0,SETTLE-008256
REC008264001,L008264,2025-04-17,Settlement,31340.66,31340.66,0,0,SETTLE-008264
REC008267001,L008267,2025-03-17,Settlement,20292.23,20292.23,0,0,SETTLE-008267
REC008273001,L008273,2025-07-17,Settlement,18608.96,18608.96,0,0,SETTLE-008273
REC008276001,L008276,2023-12-17,Settlement,6261.35,6261.35,0,0,SETTLE-008276
REC008283001,L008283,2025-04-18,Settlement,13129.68,13129.68,0,0,SETTLE-008283
REC008284001,L008284,2025-11-18,Settlement,51257.65,51257.65,0,0,SETTLE-008284
REC008286001,L008286,2023-05-18,Settlement,55770.23,55770.23,0,0,SETTLE-008286
REC008288001,L008288,2024-11-18,Settlement,39394.86,39394.86,0,0,SETTLE-008288
REC008296001,L008296,2025-01-19,Settlement,98207.42,98207.42,0,0,SETTLE-008296
REC008299001,L008299,2023-09-21,Collateral Liquidation,141950.33,141950.33,0,0,COLL008299
REC008303001,L008303,2023-07-28,Collateral Liquidation,590978.75,590978.75,0,0,COLL008303
REC008310001,L008310,2024-11-21,Settlement,16612.54,16612.54,0,0,SETTLE-008310
REC008317001,L008317,2023-09-21,Settlement,40622.49,40622.49,0,0,SETTLE-008317
REC008321001,L008321,2024-03-21,Settlement,28342.86,28342.86,0,0,SETTLE-008321
REC008332001,L008332,2025-02-23,Settlement,103181.11,103181.11,0,0,SETTLE-008332
REC008337001,L008337,2024-04-23,Settlement,75354.24,75354.24,0,0,SETTLE-008337
REC008338001,L008338,2023-07-23,Settlement,53411.19,53411.19,0,0,SETTLE-008338
REC008349001,L008349,2025-11-25,Settlement,30164.67,30164.67,0,0,SETTLE-008349
REC008371001,L008371,2024-12-27,Settlement,67045.05,67045.05,0,0,SETTLE-008371
REC008391001,L008391,2025-03-01,Settlement,5637.78,5637.78,0,0,SETTLE-008391
REC008394001,L008394,2024-08-29,Settlement,93973.27,93973.27,0,0,SETTLE-008394
REC008395001,L008395,2023-07-30,Settlement,366862.92,366862.92,0,0,SETTLE-008395
REC008400001,L008400,2025-08-28,Collateral Liquidation,82029.35,40784.17,41245.18,0,COLL008400
REC008400002,L008400,2025-09-11,Legal Recovery,6418.85,6418.85,0,0,LEGAL-008400
REC008412001,L008412,2024-03-03,Settlement,37150.09,37150.09,0,0,SETTLE-008412
REC008416001,L008416,2024-01-01,Settlement,15766.07,15766.07,0,0,SETTLE-008416
REC008417001,L008417,2023-11-01,Settlement,51794.83,51794.83,0,0,SETTLE-008417
REC008421001,L008421,2025-02-02,Settlement,69707.73,69707.73,0,0,SETTLE-008421
REC008422001,L008422,2023-11-27,Legal Recovery,11327.88,11327.88,0,0,LEGAL-008422
REC008434001,L008434,2024-10-19,Collateral Liquidation,150202.33,139102.35,11099.98,0,COLL008434
REC008438001,L008438,2023-07-04,Settlement,21228.18,21228.18,0,0,SETTLE-008438
REC008456001,L008456,2023-08-23,Legal Recovery,12757.42,12757.42,0,0,LEGAL-008456
REC008459001,L008459,2025-09-06,Settlement,33338.28,33338.28,0,0,SETTLE-008459
REC008463001,L008463,2024-02-06,Settlement,40580.78,40580.78,0,0,SETTLE-008463
REC008464001,L008464,2024-10-07,Settlement,20994.7,20994.7,0,0,SETTLE-008464
REC008467001,L008467,2024-07-07,Settlement,20078.61,20078.61,0,0,SETTLE-008467
REC008475001,L008475,2023-07-08,Settlement,36728,36728,0,0,SETTLE-008475
REC008479001,L008479,2023-09-08,Settlement,131982.33,131982.33,0,0,SETTLE-008479
REC008484001,L008484,2024-11-08,Settlement,18010.53,18010.53,0,0,SETTLE-008484
REC008489001,L008489,2023-12-10,Settlement,80914.84,80914.84,0,0,SETTLE-008489
REC008493001,L008493,2023-09-09,Settlement,102597.54,102597.54,0,0,SETTLE-008493
REC008498001,L008498,2026-01-10,Settlement,28714.15,28714.15,0,0,SETTLE-008498
REC008502001,L008502,2023-12-11,Settlement,50376.97,50376.97,0,0,SETTLE-008502
REC008514001,L008514,2023-07-12,Settlement,126705.79,126705.79,0,0,SETTLE-008514
REC008525001,L008525,2023-11-17,Collateral Liquidation,507482.86,507482.86,0,0,COLL008525
REC008525002,L008525,2023-12-01,Legal Recovery,97197.95,97197.95,0,0,LEGAL-008525
REC008528001,L008528,2024-06-13,Settlement,32196.7,32196.7,0,0,SETTLE-008528
REC008529001,L008529,2024-06-08,Legal Recovery,40628.72,40628.72,0,0,LEGAL-008529
REC008536001,L008536,2023-12-14,Settlement,20091.07,20091.07,0,0,SETTLE-008536
REC008540001,L008540,2023-06-14,Settlement,25988.23,25988.23,0,0,SETTLE-008540
REC008548001,L008548,2023-11-16,Settlement,71064.63,71064.63,0,0,SETTLE-008548
REC008550001,L008550,2025-01-26,Legal Recovery,10600.07,10600.07,0,0,LEGAL-008550
REC008554001,L008554,2023-07-17,Settlement,21817.49,21817.49,0,0,SETTLE-008554
REC008555001,L008555,2023-07-17,Settlement,68967.1,68967.1,0,0,SETTLE-008555
REC008558001,L008558,2023-06-17,Settlement,188113.8,188113.8,0,0,SETTLE-008558
REC008602001,L008602,2023-08-21,Settlement,27540.23,27540.23,0,0,SETTLE-008602
REC008605001,L008605,2023-11-21,Settlement,43968.16,43968.16,0,0,SETTLE-008605
REC008609001,L008609,2023-10-21,Settlement,98768.99,98768.99,0,0,SETTLE-008609
REC008620001,L008620,2026-01-30,Legal Recovery,12286.45,12286.45,0,0,LEGAL-008620
REC008622001,L008622,2024-01-23,Settlement,12794.63,12794.63,0,0,SETTLE-008622
REC008634001,L008634,2025-07-24,Settlement,68367.14,68367.14,0,0,SETTLE-008634
REC008639001,L008639,2025-06-24,Settlement,12453.22,12453.22,0,0,SETTLE-008639
REC008641001,L008641,2023-12-17,Legal Recovery,7157.62,7157.62,0,0,LEGAL-008641
REC008656001,L008656,2024-11-26,Settlement,24649.15,24649.15,0,0,SETTLE-008656
REC008657001,L008657,2023-09-26,Settlement,215456.02,215456.02,0,0,SETTLE-008657
REC008660001,L008660,2023-11-26,Settlement,138960.92,138960.92,0,0,SETTLE-008660
REC008676001,L008676,2024-06-28,Settlement,640816.08,640816.08,0,0,SETTLE-008676
REC008678001,L008678,2024-08-29,Settlement,47592.89,47592.89,0,0,SETTLE-008678
REC008689001,L008689,2024-12-29,Settlement,3390.72,3390.72,0,0,SETTLE-008689
REC008697001,L008697,2024-10-30,Settlement,23706.76,23706.76,0,0,SETTLE-008697
REC008698001,L008698,2023-07-30,Settlement,43944.68,43944.68,0,0,SETTLE-008698
REC008704001,L008704,2024-09-30,Settlement,25846.6,25846.6,0,0,SETTLE-008704
REC008726001,L008726,2025-09-02,Settlement,109871.69,109871.69,0,0,SETTLE-008726
REC008743001,L008743,2023-12-05,Settlement,147141.46,147141.46,0,0,SETTLE-008743
REC008748001,L008748,2025-12-06,Settlement,31990.64,31990.64,0,0,SETTLE-008748
REC008761001,L008761,2023-08-07,Settlement,30550.3,30550.3,0,0,SETTLE-008761
REC008762001,L008762,2023-10-08,Settlement,69699.59,69699.59,0,0,SETTLE-008762
REC008766001,L008766,2023-09-08,Settlement,95195.44,95195.44,0,0,SETTLE-008766
REC008771001,L008771,2024-07-10,Settlement,4604.9,4604.9,0,0,SETTLE-008771
REC008773001,L008773,2024-07-10,Settlement,131355.33,131355.33,0,0,SETTLE-008773
REC008797001,L008797,2025-07-03,Collateral Liquidation,307573.01,273929.1,33643.91,0,COLL008797
REC008798001,L008798,2023-08-12,Settlement,99076.78,99076.78,0,0,SETTLE-008798
REC008804001,L008804,2023-09-12,Settlement,30787.45,30787.45,0,0,SETTLE-008804
REC008805001,L008805,2023-07-13,Settlement,14321.51,14321.51,0,0,SETTLE-008805
REC008813001,L008813,2024-06-13,Settlement,4256.94,4256.94,0,0,SETTLE-008813
REC008815001,L008815,2024-03-27,Collateral Liquidation,53740.98,53740.98,0,0,COLL008815
REC008837001,L008837,2023-08-16,Settlement,63314.55,63314.55,0,0,SETTLE-008837
REC008838001,L008838,2024-05-16,Settlement,116204.89,116204.89,0,0,SETTLE-008838
REC008845001,L008845,2025-09-16,Settlement,40482.05,40482.05,0,0,SETTLE-008845
REC008848001,L008848,2025-08-17,Settlement,55366.63,55366.63,0,0,SETTLE-008848
REC008860001,L008860,2024-05-18,Settlement,24925.35,24925.35,0,0,SETTLE-008860
REC008865001,L008865,2023-09-18,Settlement,48379.23,48379.23,0,0,SETTLE-008865
REC008881001,L008881,2025-02-21,Settlement,19629.89,19629.89,0,0,SETTLE-008881
REC008893001,L008893,2024-08-22,Settlement,78589.5,78589.5,0,0,SETTLE-008893
REC008895001,L008895,2024-03-22,Settlement,193347.9,193347.9,0,0,SETTLE-008895
REC008900001,L008900,2024-04-28,Legal Recovery,2696.79,2696.79,0,0,LEGAL-008900
REC008901001,L008901,2025-02-06,Legal Recovery,11374.64,11374.64,0,0,LEGAL-008901
REC008905001,L008905,2023-10-23,Settlement,62290.92,62290.92,0,0,SETTLE-008905
REC008906001,L008906,2024-09-23,Settlement,73614.67,73614.67,0,0,SETTLE-008906
REC008908001,L008908,2023-09-24,Settlement,9487.08,9487.08,0,0,SETTLE-008908
REC008911001,L008911,2023-08-24,Settlement,175678.8,175678.8,0,0,SETTLE-008911
REC008915001,L008915,2024-09-24,Settlement,9918.93,9918.93,0,0,SETTLE-008915
REC008916001,L008916,2024-08-18,Legal Recovery,5638.95,5638.95,0,0,LEGAL-008916
REC008917001,L008917,2025-03-24,Settlement,45658.38,45658.38,0,0,SETTLE-008917
REC008919001,L008919,2025-01-25,Settlement,17699.22,17699.22,0,0,SETTLE-008919
REC008920001,L008920,2023-11-25,Settlement,101732.42,101732.42,0,0,SETTLE-008920
REC008926001,L008926,2023-12-25,Settlement,82343.14,82343.14,0,0,SETTLE-008926
REC008942001,L008942,2025-09-27,Settlement,5761.33,5761.33,0,0,SETTLE-008942
REC008948001,L008948,2025-02-28,Settlement,97658.22,97658.22,0,0,SETTLE-008948
REC008958001,L008958,2023-07-29,Settlement,316205.31,316205.31,0,0,SETTLE-008958
REC008966001,L008966,2024-01-30,Settlement,11841.11,11841.11,0,0,SETTLE-008966
REC008977001,L008977,2025-05-31,Settlement,30790.11,30790.11,0,0,SETTLE-008977
REC008980001,L008980,2024-10-01,Settlement,38347.43,38347.43,0,0,SETTLE-008980
REC008987001,L008987,2024-08-01,Settlement,154371.19,154371.19,0,0,SETTLE-008987
REC009000001,L009000,2024-04-14,Legal Recovery,4390.54,4390.54,0,0,LEGAL-009000
REC009014001,L009014,2025-01-04,Settlement,23643.83,23643.83,0,0,SETTLE-009014
REC009021001,L009021,2024-02-05,Settlement,14782.65,14782.65,0,0,SETTLE-009021
REC009036001,L009036,2024-09-06,Settlement,27061.5,27061.5,0,0,SETTLE-009036
REC009045001,L009045,2023-08-08,Settlement,166828.78,166828.78,0,0,SETTLE-009045
REC009070001,L009070,2026-04-24,Legal Recovery,5242.74,5242.74,0,0,LEGAL-009070
REC009090001,L009090,2024-04-13,Settlement,78952.38,78952.38,0,0,SETTLE-009090
REC009091001,L009091,2025-04-13,Settlement,52344.6,52344.6,0,0,SETTLE-009091
REC009101001,L009101,2025-12-15,Settlement,6580.49,6580.49,0,0,SETTLE-009101
REC009108001,L009108,2023-12-16,Settlement,68339.95,68339.95,0,0,SETTLE-009108
REC009116001,L009116,2024-05-17,Settlement,69257.61,69257.61,0,0,SETTLE-009116
REC009123001,L009123,2024-04-18,Settlement,6804.7,6804.7,0,0,SETTLE-009123
REC009147001,L009147,2025-11-21,Settlement,29921.45,29921.45,0,0,SETTLE-009147
REC009149001,L009149,2025-05-22,Settlement,120178.36,120178.36,0,0,SETTLE-009149
REC009152001,L009152,2023-08-22,Settlement,28750.52,28750.52,0,0,SETTLE-009152
REC009162001,L009162,2024-04-25,Collateral Liquidation,147120.86,147120.86,0,0,COLL009162
REC009180001,L009180,2023-10-26,Settlement,70456.31,70456.31,0,0,SETTLE-009180
REC009181001,L009181,2025-02-26,Settlement,28896.29,28896.29,0,0,SETTLE-009181
REC009182001,L009182,2024-05-26,Settlement,75647.12,75647.12,0,0,SETTLE-009182
REC009183001,L009183,2023-08-26,Settlement,83089.11,83089.11,0,0,SETTLE-009183
REC009191001,L009191,2023-12-28,Settlement,36329.1,36329.1,0,0,SETTLE-009191
REC009193001,L009193,2024-05-28,Settlement,96131.91,96131.91,0,0,SETTLE-009193
REC009199001,L009199,2024-02-29,Settlement,62920.51,62920.51,0,0,SETTLE-009199
REC009214001,L009214,2024-03-02,Settlement,30062.26,30062.26,0,0,SETTLE-009214
REC009224001,L009224,2025-01-02,Settlement,147367.78,147367.78,0,0,SETTLE-009224
REC009246001,L009246,2023-11-05,Settlement,25765.49,25765.49,0,0,SETTLE-009246
REC009247001,L009247,2024-10-06,Settlement,17324.03,17324.03,0,0,SETTLE-009247
REC009256001,L009256,2024-03-08,Settlement,27668.98,27668.98,0,0,SETTLE-009256
REC009260001,L009260,2024-10-07,Settlement,67444.21,67444.21,0,0,SETTLE-009260
REC009263001,L009263,2023-12-13,Collateral Liquidation,217432.72,217432.72,0,0,COLL009263
REC009270001,L009270,2023-10-08,Settlement,10868.09,10868.09,0,0,SETTLE-009270
REC009286001,L009286,2025-03-27,Collateral Liquidation,583953.15,583953.15,0,0,COLL009286
REC009299001,L009299,2024-02-12,Settlement,142855.12,142855.12,0,0,SETTLE-009299
REC009311001,L009311,2025-05-15,Settlement,8447.52,8447.52,0,0,SETTLE-009311
REC009318001,L009318,2025-06-14,Settlement,124758.57,124758.57,0,0,SETTLE-009318
REC009320001,L009320,2024-08-14,Settlement,8424.87,8424.87,0,0,SETTLE-009320
REC009322001,L009322,2024-01-15,Settlement,172244.35,172244.35,0,0,SETTLE-009322
REC009323001,L009323,2024-09-15,Settlement,37036.22,37036.22,0,0,SETTLE-009323
REC009330001,L009330,2024-11-16,Settlement,117132.53,117132.53,0,0,SETTLE-009330
REC009336001,L009336,2023-10-16,Settlement,23568.98,23568.98,0,0,SETTLE-009336
REC009345001,L009345,2025-11-17,Settlement,8291.56,8291.56,0,0,SETTLE-009345
REC009349001,L009349,2024-09-18,Settlement,706.19,706.19,0,0,SETTLE-009349
REC009352001,L009352,2024-01-17,Legal Recovery,19908.4,19908.4,0,0,LEGAL-009352
REC009353001,L009353,2024-09-19,Settlement,36044.14,36044.14,0,0,SETTLE-009353
REC009364001,L009364,2023-10-20,Settlement,64538.17,64538.17,0,0,SETTLE-009364
REC009369001,L009369,2025-09-20,Settlement,88820.81,88820.81,0,0,SETTLE-009369
REC009370001,L009370,2024-01-21,Settlement,117810.34,117810.34,0,0,SETTLE-009370
REC009375001,L009375,2024-05-21,Settlement,9015.58,9015.58,0,0,SETTLE-009375
REC009378001,L009378,2024-02-22,Settlement,110685.61,110685.61,0,0,SETTLE-009378
REC009383001,L009383,2024-01-22,Settlement,85394.98,85394.98,0,0,SETTLE-009383
REC009408001,L009408,2026-01-25,Settlement,26618.66,26618.66,0,0,SETTLE-009408
REC009413001,L009413,2025-08-28,Collateral Liquidation,202964.21,71449.97,131514.24,0,COLL009413
REC009414001,L009414,2024-05-26,Settlement,25753.33,25753.33,0,0,SETTLE-009414
REC009420001,L009420,2023-11-27,Settlement,136390.17,136390.17,0,0,SETTLE-009420
REC009432001,L009432,2025-09-29,Settlement,17551.5,17551.5,0,0,SETTLE-009432
REC009453001,L009453,2024-03-04,Settlement,51044.92,51044.92,0,0,SETTLE-009453
REC009455001,L009455,2024-01-02,Settlement,28338.15,28338.15,0,0,SETTLE-009455
REC009456001,L009456,2024-07-22,Collateral Liquidation,263374.97,263374.97,0,0,COLL009456
REC009472001,L009472,2023-11-05,Settlement,45144.73,45144.73,0,0,SETTLE-009472
REC009473001,L009473,2024-03-07,Settlement,10154.73,10154.73,0,0,SETTLE-009473
REC009482001,L009482,2024-02-06,Settlement,89091.41,89091.41,0,0,SETTLE-009482
REC009483001,L009483,2025-09-06,Settlement,29371.12,29371.12,0,0,SETTLE-009483
REC009494001,L009494,2024-01-08,Settlement,21480.63,21480.63,0,0,SETTLE-009494
REC009496001,L009496,2023-12-09,Settlement,123743.24,123743.24,0,0,SETTLE-009496
REC009501001,L009501,2024-05-09,Settlement,120436.05,120436.05,0,0,SETTLE-009501
REC009507001,L009507,2024-05-10,Settlement,8948.81,8948.81,0,0,SETTLE-009507
REC009508001,L009508,2024-09-19,Legal Recovery,18640.64,18640.64,0,0,LEGAL-009508
REC009512001,L009512,2025-09-10,Settlement,192190.49,192190.49,0,0,SETTLE-009512
REC009516001,L009516,2025-08-28,Legal Recovery,1134.91,1134.91,0,0,LEGAL-009516
REC009517001,L009517,2024-04-11,Settlement,9993.11,9993.11,0,0,SETTLE-009517
REC009525001,L009525,2025-10-13,Settlement,16688.35,16688.35,0,0,SETTLE-009525
REC009527001,L009527,2023-11-12,Settlement,65772.98,65772.98,0,0,SETTLE-009527
REC009530001,L009530,2024-09-13,Settlement,106980.69,106980.69,0,0,SETTLE-009530
REC009531001,L009531,2024-02-13,Settlement,76916.02,76916.02,0,0,SETTLE-009531
REC009538001,L009538,2023-12-14,Settlement,17426.84,17426.84,0,0,SETTLE-009538
REC009542001,L009542,2024-02-14,Settlement,123513.91,123513.91,0,0,SETTLE-009542
REC009549001,L009549,2023-12-15,Settlement,16996.12,16996.12,0,0,SETTLE-009549
REC009552001,L009552,2024-03-14,Collateral Liquidation,190081.98,190081.98,0,0,COLL009552
REC009554001,L009554,2023-12-07,Collateral Liquidation,108859.34,108859.34,0,0,COLL009554
REC009563001,L009563,2024-12-16,Settlement,155353.74,155353.74,0,0,SETTLE-009563
REC009569001,L009569,2025-11-16,Settlement,4689.96,4689.96,0,0,SETTLE-009569
REC009583001,L009583,2024-03-18,Settlement,50392.26,50392.26,0,0,SETTLE-009583
REC009586001,L009586,2025-12-19,Settlement,16119.9,16119.9,0,0,SETTLE-009586
REC009589001,L009589,2024-08-18,Legal Recovery,3044.44,3044.44,0,0,LEGAL-009589
REC009591001,L009591,2024-05-19,Settlement,37807.96,37807.96,0,0,SETTLE-009591
REC009593001,L009593,2024-01-19,Settlement,56993.58,56993.58,0,0,SETTLE-009593
REC009596001,L009596,2023-10-20,Settlement,70355.16,70355.16,0,0,SETTLE-009596
REC009597001,L009597,2025-10-20,Settlement,15012.67,15012.67,0,0,SETTLE-009597
REC009598001,L009598,2023-10-20,Settlement,53592.56,53592.56,0,0,SETTLE-009598
REC009602001,L009602,2024-11-21,Settlement,9280.17,9280.17,0,0,SETTLE-009602
REC009610001,L009610,2024-01-22,Settlement,24080.43,24080.43,0,0,SETTLE-009610
REC009632001,L009632,2024-10-25,Settlement,15092.02,15092.02,0,0,SETTLE-009632
REC009634001,L009634,2025-10-24,Collateral Liquidation,314060.74,314060.74,0,0,COLL009634
REC009641001,L009641,2023-10-26,Settlement,40424.35,40424.35,0,0,SETTLE-009641
REC009651001,L009651,2025-03-27,Settlement,3793.28,3793.28,0,0,SETTLE-009651
REC009657001,L009657,2024-11-27,Settlement,82960.19,82960.19,0,0,SETTLE-009657
REC009666001,L009666,2024-03-28,Settlement,48659.23,48659.23,0,0,SETTLE-009666
REC009668001,L009668,2024-01-28,Settlement,88676.83,88676.83,0,0,SETTLE-009668
REC009673001,L009673,2024-06-24,Legal Recovery,14154.84,14154.84,0,0,LEGAL-009673
REC009676001,L009676,2024-02-29,Settlement,51781.8,51781.8,0,0,SETTLE-009676
REC009679001,L009679,2024-03-29,Settlement,53852.79,53852.79,0,0,SETTLE-009679
REC009680001,L009680,2023-11-29,Settlement,75921.11,75921.11,0,0,SETTLE-009680
REC009705001,L009705,2026-03-17,Legal Recovery,5153.25,5153.25,0,0,LEGAL-009705
REC009708001,L009708,2023-11-01,Settlement,52580.2,52580.2,0,0,SETTLE-009708
REC009712001,L009712,2025-08-02,Settlement,4938.73,4938.73,0,0,SETTLE-009712
REC009719001,L009719,2025-01-31,Legal Recovery,8851.45,8851.45,0,0,LEGAL-009719
REC009720001,L009720,2024-05-04,Settlement,72954.91,72954.91,0,0,SETTLE-009720
REC009732001,L009732,2023-11-04,Settlement,54936.4,54936.4,0,0,SETTLE-009732
REC009733001,L009733,2024-09-04,Settlement,139790.22,139790.22,0,0,SETTLE-009733
REC009734001,L009734,2024-12-05,Settlement,39127.98,39127.98,0,0,SETTLE-009734
REC009737001,L009737,2024-09-04,Settlement,77866.71,77866.71,0,0,SETTLE-009737
REC009747001,L009747,2023-12-06,Settlement,62845.33,62845.33,0,0,SETTLE-009747
REC009759001,L009759,2024-01-07,Settlement,73931.52,73931.52,0,0,SETTLE-009759
REC009762001,L009762,2025-12-08,Settlement,60163.21,60163.21,0,0,SETTLE-009762
REC009763001,L009763,2023-12-08,Settlement,60340.33,60340.33,0,0,SETTLE-009763
REC009769001,L009769,2024-05-09,Settlement,64063.91,64063.91,0,0,SETTLE-009769
REC009776001,L009776,2024-08-08,Settlement,176328.98,176328.98,0,0,SETTLE-009776
REC009778001,L009778,2024-07-24,Collateral Liquidation,666027.66,568043.97,97983.69,0,COLL009778
REC009783001,L009783,2025-05-10,Settlement,5564.09,5564.09,0,0,SETTLE-009783
REC009787001,L009787,2025-05-10,Settlement,8274.71,8274.71,0,0,SETTLE-009787
REC009805001,L009805,2023-12-12,Settlement,55382.82,55382.82,0,0,SETTLE-009805
REC009807001,L009807,2024-01-11,Settlement,71599.31,71599.31,0,0,SETTLE-009807
REC009809001,L009809,2024-06-12,Settlement,150375.77,150375.77,0,0,SETTLE-009809
REC009812001,L009812,2025-05-18,Collateral Liquidation,373705.47,337317.53,36387.94,0,COLL009812
REC009831001,L009831,2025-05-14,Settlement,8638.42,8638.42,0,0,SETTLE-009831
REC009832001,L009832,2025-07-14,Settlement,16206.81,16206.81,0,0,SETTLE-009832
REC009836001,L009836,2024-08-20,Legal Recovery,16836.38,16836.38,0,0,LEGAL-009836
REC009845001,L009845,2024-01-14,Settlement,24067.09,24067.09,0,0,SETTLE-009845
REC009851001,L009851,2023-12-16,Settlement,109969.1,109969.1,0,0,SETTLE-009851
REC009856001,L009856,2025-03-16,Settlement,25945.95,25945.95,0,0,SETTLE-009856
REC009857001,L009857,2023-12-16,Settlement,112336.51,112336.51,0,0,SETTLE-009857
REC009859001,L009859,2024-10-16,Settlement,22642.1,22642.1,0,0,SETTLE-009859
REC009866001,L009866,2024-01-17,Settlement,41379.89,41379.89,0,0,SETTLE-009866
REC009868001,L009868,2026-02-17,Settlement,19044.48,19044.48,0,0,SETTLE-009868
REC009874001,L009874,2025-07-18,Settlement,50076.22,50076.22,0,0,SETTLE-009874
REC009890001,L009890,2024-01-20,Settlement,26562.9,26562.9,0,0,SETTLE-009890
REC009896001,L009896,2025-08-20,Settlement,9322.1,9322.1,0,0,SETTLE-009896
REC009912001,L009912,2024-12-01,Legal Recovery,18170.85,18170.85,0,0,LEGAL-009912
REC009915001,L009915,2024-06-22,Settlement,21323.6,21323.6,0,0,SETTLE-009915
REC009929001,L009929,2023-11-23,Settlement,84288.09,84288.09,0,0,SETTLE-009929
REC009953001,L009953,2024-04-26,Settlement,181630.83,181630.83,0,0,SETTLE-009953
REC009955001,L009955,2024-01-20,Collateral Liquidation,318528.55,318528.55,0,0,COLL009955
REC009957001,L009957,2024-05-26,Settlement,22398.64,22398.64,0,0,SETTLE-009957
REC009964001,L009964,2025-11-27,Settlement,0,0,0,0,SETTLE-009964
REC009970001,L009970,2024-12-27,Settlement,79500.63,79500.63,0,0,SETTLE-009970
REC009972001,L009972,2023-11-27,Settlement,466316.69,466316.69,0,0,SETTLE-009972
REC009982001,L009982,2024-04-28,Settlement,84935.34,84935.34,0,0,SETTLE-009982
REC009988001,L009988,2025-08-28,Settlement,39368.26,39368.26,0,0,SETTLE-009988
REC009991001,L009991,2023-12-28,Settlement,175854.32,175854.32,0,0,SETTLE-009991
REC009992001,L009992,2025-08-28,Settlement,36859.32,36859.32,0,0,SETTLE-009992
REC010000001,L010000,2024-05-30,Settlement,103875.12,103875.12,0,0,SETTLE-010000
REC010001001,L010001,2025-03-30,Settlement,8270,8270,0,0,SETTLE-010001
REC010002001,L010002,2024-03-01,Settlement,220544.32,220544.32,0,0,SETTLE-010002
REC010016001,L010016,2024-05-22,Collateral Liquidation,261584.11,241661.09,19923.02,0,COLL010016
REC010027001,L010027,2024-08-10,Legal Recovery,3013.31,3013.31,0,0,LEGAL-010027
REC010028001,L010028,2025-05-02,Settlement,28587.92,28587.92,0,0,SETTLE-010028
REC010039001,L010039,2024-01-02,Settlement,61674.89,61674.89,0,0,SETTLE-010039
REC010049001,L010049,2024-03-05,Settlement,71525.57,71525.57,0,0,SETTLE-010049
REC010062001,L010062,2023-12-05,Settlement,116750.79,116750.79,0,0,SETTLE-010062
REC010066001,L010066,2024-06-04,Settlement,105427.53,105427.53,0,0,SETTLE-010066
REC010070001,L010070,2025-09-04,Settlement,22692.51,22692.51,0,0,SETTLE-010070
REC010072001,L010072,2024-04-05,Settlement,64392.4,64392.4,0,0,SETTLE-010072
REC010082001,L010082,2024-10-07,Settlement,10109.81,10109.81,0,0,SETTLE-010082
REC010086001,L010086,2025-01-06,Settlement,33341.03,33341.03,0,0,SETTLE-010086
REC010094001,L010094,2024-08-07,Settlement,7921.38,7921.38,0,0,SETTLE-010094
REC010103001,L010103,2025-10-09,Settlement,25182.78,25182.78,0,0,SETTLE-010103
REC010119001,L010119,2024-09-09,Settlement,140163.9,140163.9,0,0,SETTLE-010119
REC010127001,L010127,2025-08-10,Settlement,56091.28,56091.28,0,0,SETTLE-010127
REC010137001,L010137,2024-06-16,Collateral Liquidation,517089.1,517089.1,0,0,COLL010137
REC010137002,L010137,2024-08-08,Legal Recovery,141662.48,141662.48,0,0,LEGAL-010137
REC010154001,L010154,2023-12-14,Settlement,35170.06,35170.06,0,0,SETTLE-010154
REC010156001,L010156,2024-06-13,Settlement,107621.14,107621.14,0,0,SETTLE-010156
REC010172001,L010172,2025-11-15,Settlement,64082.43,64082.43,0,0,SETTLE-010172
REC010177001,L010177,2024-06-19,Collateral Liquidation,53043.88,49487.59,3556.29,0,COLL010177
REC010180001,L010180,2023-12-15,Settlement,75647.32,75647.32,0,0,SETTLE-010180
REC010189001,L010189,2024-12-16,Settlement,18823.1,18823.1,0,0,SETTLE-010189
REC010191001,L010191,2024-12-16,Settlement,73568.56,73568.56,0,0,SETTLE-010191
REC010211001,L010211,2025-03-18,Settlement,40054.57,40054.57,0,0,SETTLE-010211
REC010213001,L010213,2026-01-07,Collateral Liquidation,142541.08,77916.3,64624.78,0,COLL010213
REC010215001,L010215,2024-02-19,Settlement,54818.15,54818.15,0,0,SETTLE-010215
REC010239001,L010239,2025-05-28,Legal Recovery,5703.01,5703.01,0,0,LEGAL-010239
REC010245001,L010245,2025-12-22,Settlement,74110.33,74110.33,0,0,SETTLE-010245
REC010265001,L010265,2025-05-25,Settlement,19895.13,19895.13,0,0,SETTLE-010265
REC010266001,L010266,2023-12-25,Settlement,39317.91,39317.91,0,0,SETTLE-010266
REC010271001,L010271,2025-03-25,Settlement,2411.84,2411.84,0,0,SETTLE-010271
REC010274001,L010274,2025-06-25,Settlement,14305.82,14305.82,0,0,SETTLE-010274
REC010277001,L010277,2025-05-25,Settlement,49797.99,49797.99,0,0,SETTLE-010277
REC010282001,L010282,2025-02-26,Settlement,74450.49,74450.49,0,0,SETTLE-010282
REC010299001,L010299,2026-01-27,Settlement,888190.48,888190.48,0,0,SETTLE-010299
REC010305001,L010305,2025-02-13,Legal Recovery,7754.35,7754.35,0,0,LEGAL-010305
REC010327001,L010327,2024-04-30,Settlement,64171.31,64171.31,0,0,SETTLE-010327
REC010337001,L010337,2025-05-01,Settlement,44461.01,44461.01,0,0,SETTLE-010337
REC010341001,L010341,2025-05-02,Settlement,42460.62,42460.62,0,0,SETTLE-010341
REC010345001,L010345,2026-03-18,Legal Recovery,23901.9,23901.9,0,0,LEGAL-010345
REC010350001,L010350,2025-12-03,Settlement,23045.6,23045.6,0,0,SETTLE-010350
REC010359001,L010359,2025-11-20,Legal Recovery,17992.45,17992.45,0,0,LEGAL-010359
REC010360001,L010360,2025-06-03,Settlement,78112.41,78112.41,0,0,SETTLE-010360
REC010363001,L010363,2025-09-03,Settlement,33768.77,33768.77,0,0,SETTLE-010363
REC010372001,L010372,2024-09-04,Settlement,21926.77,21926.77,0,0,SETTLE-010372
REC010386001,L010386,2024-03-24,Collateral Liquidation,110327.61,110327.61,0,0,COLL010386
REC010387001,L010387,2024-02-04,Settlement,41846.61,41846.61,0,0,SETTLE-010387
REC010411001,L010411,2025-06-07,Settlement,44801.67,44801.67,0,0,SETTLE-010411
REC010417001,L010417,2024-04-08,Settlement,60587.31,60587.31,0,0,SETTLE-010417
REC010423001,L010423,2024-05-25,Legal Recovery,1612.19,1612.19,0,0,LEGAL-010423
REC010424001,L010424,2024-10-10,Settlement,6657.38,6657.38,0,0,SETTLE-010424
REC010428001,L010428,2025-05-10,Settlement,149894.17,149894.17,0,0,SETTLE-010428
REC010431001,L010431,2024-01-09,Settlement,246413.47,246413.47,0,0,SETTLE-010431
REC010432001,L010432,2024-01-09,Settlement,66380.45,66380.45,0,0,SETTLE-010432
REC010436001,L010436,2025-09-04,Collateral Liquidation,552458.8,481730.34,70728.46,0,COLL010436
REC010439001,L010439,2025-05-11,Settlement,35860.29,35860.29,0,0,SETTLE-010439
REC010443001,L010443,2024-07-11,Settlement,8521.57,8521.57,0,0,SETTLE-010443
REC010451001,L010451,2025-02-11,Settlement,19604.1,19604.1,0,0,SETTLE-010451
REC010454001,L010454,2025-11-03,Legal Recovery,9698.2,9698.2,0,0,LEGAL-010454
REC010458001,L010458,2024-03-13,Settlement,24182.69,24182.69,0,0,SETTLE-010458
REC010465001,L010465,2024-07-12,Settlement,50555.11,50555.11,0,0,SETTLE-010465
REC010468001,L010468,2025-12-12,Settlement,61753.26,61753.26,0,0,SETTLE-010468
REC010500001,L010500,2024-08-14,Settlement,39946.91,39946.91,0,0,SETTLE-010500
REC010510001,L010510,2024-01-14,Settlement,60790.02,60790.02,0,0,SETTLE-010510
REC010513001,L010513,2024-02-16,Settlement,26014.4,26014.4,0,0,SETTLE-010513
REC010520001,L010520,2025-09-02,Legal Recovery,27508.3,27508.3,0,0,LEGAL-010520
REC010550001,L010550,2024-05-18,Settlement,53215.93,53215.93,0,0,SETTLE-010550
REC010553001,L010553,2024-10-19,Settlement,66274.08,66274.08,0,0,SETTLE-010553
REC010566001,L010566,2024-10-19,Settlement,41225.32,41225.32,0,0,SETTLE-010566
REC010596001,L010596,2024-09-22,Settlement,8237.21,8237.21,0,0,SETTLE-010596
REC010601001,L010601,2024-02-23,Settlement,73820.43,73820.43,0,0,SETTLE-010601
REC010602001,L010602,2024-02-23,Settlement,43307.32,43307.32,0,0,SETTLE-010602
REC010603001,L010603,2025-05-23,Settlement,15865.78,15865.78,0,0,SETTLE-010603
REC010607001,L010607,2025-06-23,Settlement,25199.4,25199.4,0,0,SETTLE-010607
REC010619001,L010619,2025-03-28,Collateral Liquidation,334037.33,334037.33,0,0,COLL010619
REC010620001,L010620,2025-12-24,Settlement,75151.82,75151.82,0,0,SETTLE-010620
REC010634001,L010634,2024-10-25,Settlement,286256.27,286256.27,0,0,SETTLE-010634
REC010635001,L010635,2024-04-25,Settlement,127824.46,127824.46,0,0,SETTLE-010635
REC010644001,L010644,2024-09-26,Settlement,123113.42,123113.42,0,0,SETTLE-010644
REC010646001,L010646,2025-06-26,Settlement,10039.56,10039.56,0,0,SETTLE-010646
REC010649001,L010649,2024-01-26,Settlement,132741.18,132741.18,0,0,SETTLE-010649
REC010651001,L010651,2024-11-27,Settlement,106072.25,106072.25,0,0,SETTLE-010651
REC010658001,L010658,2024-09-01,Legal Recovery,3207.67,3207.67,0,0,LEGAL-010658
REC010673001,L010673,2026-02-21,Legal Recovery,28314.93,28314.93,0,0,LEGAL-010673
REC010676001,L010676,2024-05-29,Settlement,89907.49,89907.49,0,0,SETTLE-010676
REC010677001,L010677,2025-01-19,Legal Recovery,16589.61,16589.61,0,0,LEGAL-010677
REC010679001,L010679,2025-10-29,Settlement,31812.02,31812.02,0,0,SETTLE-010679
REC010680001,L010680,2024-09-29,Settlement,61108.68,61108.68,0,0,SETTLE-010680
REC010685001,L010685,2025-03-30,Settlement,109649.92,109649.92,0,0,SETTLE-010685
REC010697001,L010697,2024-08-26,Collateral Liquidation,507726.26,507726.26,0,0,COLL010697
REC010698001,L010698,2025-10-31,Settlement,104972.17,104972.17,0,0,SETTLE-010698
REC010705001,L010705,2024-07-31,Settlement,137449.5,137449.5,0,0,SETTLE-010705
REC010706001,L010706,2024-03-02,Settlement,75888.09,75888.09,0,0,SETTLE-010706
REC010707001,L010707,2024-05-31,Settlement,34543.99,34543.99,0,0,SETTLE-010707
REC010715001,L010715,2025-07-02,Settlement,12242.02,12242.02,0,0,SETTLE-010715
REC010724001,L010724,2024-06-02,Settlement,114165.52,114165.52,0,0,SETTLE-010724
REC010754001,L010754,2024-12-05,Settlement,9298.84,9298.84,0,0,SETTLE-010754
REC010755001,L010755,2024-07-18,Legal Recovery,21058.78,21058.78,0,0,LEGAL-010755
REC010759001,L010759,2026-02-05,Settlement,75574.3,75574.3,0,0,SETTLE-010759
REC010764001,L010764,2024-09-05,Settlement,7784.42,7784.42,0,0,SETTLE-010764
REC010765001,L010765,2024-12-06,Settlement,13017.97,13017.97,0,0,SETTLE-010765
REC010770001,L010770,2026-01-06,Settlement,8007.71,8007.71,0,0,SETTLE-010770
REC010774001,L010774,2025-08-06,Settlement,42826.95,42826.95,0,0,SETTLE-010774
REC010779001,L010779,2024-08-07,Settlement,105281.41,105281.41,0,0,SETTLE-010779
REC010792001,L010792,2024-04-08,Settlement,12369.93,12369.93,0,0,SETTLE-010792
REC010799001,L010799,2024-08-09,Settlement,152868.42,152868.42,0,0,SETTLE-010799
REC010803001,L010803,2025-07-10,Settlement,31764.53,31764.53,0,0,SETTLE-010803
REC010806001,L010806,2024-10-10,Settlement,79920.82,79920.82,0,0,SETTLE-010806
REC010815001,L010815,2024-10-10,Collateral Liquidation,169713.75,169713.75,0,0,COLL010815
REC010816001,L010816,2024-10-10,Settlement,48786.52,48786.52,0,0,SETTLE-010816
REC010828001,L010828,2025-04-11,Settlement,29180.47,29180.47,0,0,SETTLE-010828
REC010829001,L010829,2024-05-12,Settlement,59479.57,59479.57,0,0,SETTLE-010829
REC010841001,L010841,2024-04-24,Collateral Liquidation,418687.76,418687.76,0,0,COLL010841
REC010841002,L010841,2024-06-08,Legal Recovery,85777.89,85777.89,0,0,LEGAL-010841
REC010843001,L010843,2024-09-12,Settlement,20581.93,20581.93,0,0,SETTLE-010843
REC010849001,L010849,2024-12-14,Settlement,17514.05,17514.05,0,0,SETTLE-010849
REC010851001,L010851,2024-12-17,Legal Recovery,9608.08,9608.08,0,0,LEGAL-010851
REC010853001,L010853,2024-12-14,Settlement,111136.56,111136.56,0,0,SETTLE-010853
REC010865001,L010865,2024-07-15,Settlement,169351.06,169351.06,0,0,SETTLE-010865
REC010878001,L010878,2024-11-13,Collateral Liquidation,150610.73,131853.48,18757.25,0,COLL010878
REC010879001,L010879,2025-11-14,Settlement,1863.21,1863.21,0,0,SETTLE-010879
REC010884001,L010884,2024-04-15,Settlement,54629.41,54629.41,0,0,SETTLE-010884
REC010893001,L010893,2025-02-06,Collateral Liquidation,440626.5,440626.5,0,0,COLL010893
REC010926001,L010926,2026-01-19,Settlement,396203.88,396203.88,0,0,SETTLE-010926
REC010928001,L010928,2024-10-19,Settlement,23342.72,23342.72,0,0,SETTLE-010928
REC010934001,L010934,2025-07-20,Settlement,51378.26,51378.26,0,0,SETTLE-010934
REC010936001,L010936,2025-02-20,Settlement,77454.81,77454.81,0,0,SETTLE-010936
REC010942001,L010942,2024-07-21,Settlement,36600.66,36600.66,0,0,SETTLE-010942
REC010955001,L010955,2025-05-22,Settlement,25655.59,25655.59,0,0,SETTLE-010955
REC010958001,L010958,2025-01-22,Settlement,30794.99,30794.99,0,0,SETTLE-010958
REC011000001,L011000,2025-07-26,Settlement,77819.64,77819.64,0,0,SETTLE-011000
REC011006001,L011006,2024-05-26,Settlement,43155.78,43155.78,0,0,SETTLE-011006
REC011021001,L011021,2025-10-28,Settlement,2937.7,2937.7,0,0,SETTLE-011021
REC011027001,L011027,2024-04-29,Settlement,134986.41,134986.41,0,0,SETTLE-011027
REC011032001,L011032,2025-12-29,Settlement,37671.87,37671.87,0,0,SETTLE-011032
REC011035001,L011035,2024-03-30,Settlement,30127.89,30127.89,0,0,SETTLE-011035
REC011041001,L011041,2024-09-30,Settlement,12952.39,12952.39,0,0,SETTLE-011041
REC011043001,L011043,2024-09-22,Legal Recovery,3826.99,3826.99,0,0,LEGAL-011043
REC011052001,L011052,2024-05-31,Settlement,194386.88,194386.88,0,0,SETTLE-011052
REC011054001,L011054,2025-12-02,Settlement,55027.93,55027.93,0,0,SETTLE-011054
REC011067001,L011067,2024-05-03,Settlement,35248.87,35248.87,0,0,SETTLE-011067
REC011068001,L011068,2025-05-03,Settlement,58237.58,58237.58,0,0,SETTLE-011068
REC011075001,L011075,2025-06-02,Settlement,64610.85,64610.85,0,0,SETTLE-011075
REC011085001,L011085,2025-02-04,Settlement,124220.06,124220.06,0,0,SETTLE-011085
REC011089001,L011089,2024-10-06,Settlement,12160.44,12160.44,0,0,SETTLE-011089
REC011099001,L011099,2024-12-05,Legal Recovery,33244.19,33244.19,0,0,LEGAL-011099
REC011120001,L011120,2024-05-08,Settlement,156658.21,156658.21,0,0,SETTLE-011120
REC011125001,L011125,2024-06-07,Settlement,33741.03,33741.03,0,0,SETTLE-011125
REC011142001,L011142,2024-10-09,Settlement,13997.56,13997.56,0,0,SETTLE-011142
REC011143001,L011143,2024-03-10,Settlement,51518.66,51518.66,0,0,SETTLE-011143
REC011148001,L011148,2024-08-09,Settlement,10005.34,10005.34,0,0,SETTLE-011148
REC011150001,L011150,2024-06-09,Settlement,21180.38,21180.38,0,0,SETTLE-011150
REC011151001,L011151,2024-10-10,Legal Recovery,10520.17,10520.17,0,0,LEGAL-011151
REC011155001,L011155,2024-04-10,Settlement,119480.71,119480.71,0,0,SETTLE-011155
REC011181001,L011181,2025-12-14,Settlement,42362.32,42362.32,0,0,SETTLE-011181
REC011184001,L011184,2025-12-14,Settlement,82204.97,82204.97,0,0,SETTLE-011184
REC011186001,L011186,2024-09-13,Settlement,42768.5,42768.5,0,0,SETTLE-011186
REC011188001,L011188,2024-06-13,Settlement,42079.25,42079.25,0,0,SETTLE-011188
REC011200001,L011200,2025-11-14,Settlement,1708.17,1708.17,0,0,SETTLE-011200
REC011212001,L011212,2026-02-14,Settlement,33587.46,33587.46,0,0,SETTLE-011212
REC011213001,L011213,2024-04-14,Settlement,66554.93,66554.93,0,0,SETTLE-011213
REC011226001,L011226,2024-04-15,Settlement,57259.09,57259.09,0,0,SETTLE-011226
REC011228001,L011228,2024-08-15,Settlement,226056.7,226056.7,0,0,SETTLE-011228
REC011230001,L011230,2024-04-15,Settlement,33719.16,33719.16,0,0,SETTLE-011230
REC011235001,L011235,2024-06-16,Settlement,51905.32,51905.32,0,0,SETTLE-011235
REC011245001,L011245,2024-07-16,Settlement,22303.93,22303.93,0,0,SETTLE-011245
REC011279001,L011279,2024-04-20,Settlement,34517.25,34517.25,0,0,SETTLE-011279
REC011288001,L011288,2024-08-20,Settlement,50244.85,50244.85,0,0,SETTLE-011288
REC011303001,L011303,2025-02-21,Settlement,17538.03,17538.03,0,0,SETTLE-011303
REC011321001,L011321,2025-01-23,Settlement,20484.89,20484.89,0,0,SETTLE-011321
REC011327001,L011327,2025-04-23,Settlement,34291.73,34291.73,0,0,SETTLE-011327
REC011329001,L011329,2024-03-24,Settlement,67767.83,67767.83,0,0,SETTLE-011329
REC011333001,L011333,2025-11-17,Legal Recovery,11178.02,11178.02,0,0,LEGAL-011333
REC011335001,L011335,2024-09-24,Settlement,31024.73,31024.73,0,0,SETTLE-011335
REC011336001,L011336,2024-04-24,Settlement,28279.93,28279.93,0,0,SETTLE-011336
REC011338001,L011338,2026-03-05,Collateral Liquidation,525978.52,358413.02,167565.5,0,COLL011338
REC011350001,L011350,2025-04-05,Legal Recovery,7478.79,7478.79,0,0,LEGAL-011350
REC011355001,L011355,2024-03-26,Settlement,153185.49,153185.49,0,0,SETTLE-011355
REC011359001,L011359,2024-06-27,Settlement,152174.99,152174.99,0,0,SETTLE-011359
REC011376001,L011376,2024-09-29,Settlement,172732.98,172732.98,0,0,SETTLE-011376
REC011393001,L011393,2025-04-12,Collateral Liquidation,63017.82,63017.82,0,0,COLL011393
REC011396001,L011396,2026-01-31,Settlement,25394.23,25394.23,0,0,SETTLE-011396
REC011401001,L011401,2024-05-31,Settlement,18614.32,18614.32,0,0,SETTLE-011401
REC011406001,L011406,2024-09-01,Settlement,22637.93,22637.93,0,0,SETTLE-011406
REC011414001,L011414,2024-05-02,Settlement,48320.74,48320.74,0,0,SETTLE-011414
REC011434001,L011434,2025-03-06,Settlement,18628.64,18628.64,0,0,SETTLE-011434
REC011442001,L011442,2024-04-04,Settlement,71066.88,71066.88,0,0,SETTLE-011442
REC011444001,L011444,2024-10-05,Settlement,51521.32,51521.32,0,0,SETTLE-011444
REC011445001,L011445,2024-04-04,Settlement,16029.9,16029.9,0,0,SETTLE-011445
REC011457001,L011457,2025-05-06,Settlement,28165.68,28165.68,0,0,SETTLE-011457
REC011465001,L011465,2024-04-06,Settlement,53255.96,53255.96,0,0,SETTLE-011465
REC011474001,L011474,2024-11-07,Settlement,63453.98,63453.98,0,0,SETTLE-011474
REC011475001,L011475,2024-10-08,Settlement,27781.85,27781.85,0,0,SETTLE-011475
REC011482001,L011482,2025-10-02,Collateral Liquidation,228467.99,204265.94,24202.05,0,COLL011482
REC011493001,L011493,2026-04-17,Legal Recovery,3735.04,3735.04,0,0,LEGAL-011493
REC011496001,L011496,2024-09-08,Settlement,17565.27,17565.27,0,0,SETTLE-011496
REC011511001,L011511,2024-10-11,Settlement,60868.49,60868.49,0,0,SETTLE-011511
REC011512001,L011512,2024-05-11,Settlement,31789.53,31789.53,0,0,SETTLE-011512
REC011516001,L011516,2025-06-11,Settlement,75451.64,75451.64,0,0,SETTLE-011516
REC011539001,L011539,2025-10-14,Settlement,89338.37,89338.37,0,0,SETTLE-011539
REC011547001,L011547,2024-08-13,Settlement,17984.28,17984.28,0,0,SETTLE-011547
REC011564001,L011564,2024-11-17,Settlement,11133.35,11133.35,0,0,SETTLE-011564
REC011570001,L011570,2025-03-18,Settlement,333146.21,333146.21,0,0,SETTLE-011570
REC011577001,L011577,2025-05-18,Settlement,29433,29433,0,0,SETTLE-011577
REC011579001,L011579,2025-08-19,Settlement,179962.69,179962.69,0,0,SETTLE-011579
REC011607001,L011607,2024-12-21,Settlement,20363.84,20363.84,0,0,SETTLE-011607
REC011614001,L011614,2025-03-22,Settlement,53320.55,53320.55,0,0,SETTLE-011614
REC011620001,L011620,2024-05-22,Settlement,228487.24,228487.24,0,0,SETTLE-011620
REC011628001,L011628,2024-07-22,Settlement,57042.54,57042.54,0,0,SETTLE-011628
REC011634001,L011634,2024-10-20,Legal Recovery,4405.5,4405.5,0,0,LEGAL-011634
REC011635001,L011635,2024-08-23,Settlement,33851.07,33851.07,0,0,SETTLE-011635
REC011637001,L011637,2025-03-23,Settlement,91748.22,91748.22,0,0,SETTLE-011637
REC011651001,L011651,2024-05-25,Settlement,22017.81,22017.81,0,0,SETTLE-011651
REC011657001,L011657,2025-10-26,Settlement,39480.02,39480.02,0,0,SETTLE-011657
REC011673001,L011673,2025-11-27,Settlement,102833.74,102833.74,0,0,SETTLE-011673
REC011678001,L011678,2025-09-27,Settlement,8550.77,8550.77,0,0,SETTLE-011678
REC011683001,L011683,2024-11-14,Legal Recovery,22774.09,22774.09,0,0,LEGAL-011683
REC011687001,L011687,2026-01-20,Legal Recovery,1237.11,1237.11,0,0,LEGAL-011687
REC011695001,L011695,2024-11-29,Settlement,8741.91,8741.91,0,0,SETTLE-011695
REC011704001,L011704,2025-09-30,Settlement,74147.6,74147.6,0,0,SETTLE-011704
REC011705001,L011705,2025-01-17,Legal Recovery,8638.66,8638.66,0,0,LEGAL-011705
REC011709001,L011709,2024-04-30,Settlement,45332.42,45332.42,0,0,SETTLE-011709
REC011712001,L011712,2024-09-30,Settlement,58398.32,58398.32,0,0,SETTLE-011712
REC011721001,L011721,2024-07-31,Settlement,104377.83,104377.83,0,0,SETTLE-011721
REC011723001,L011723,2024-05-01,Settlement,78053.55,78053.55,0,0,SETTLE-011723
REC011737001,L011737,2024-05-02,Settlement,27274.4,27274.4,0,0,SETTLE-011737
REC011738001,L011738,2024-12-02,Settlement,10242.39,10242.39,0,0,SETTLE-011738
REC011739001,L011739,2024-11-24,Collateral Liquidation,186089.86,157532.06,28557.8,0,COLL011739
REC011744001,L011744,2025-03-04,Settlement,20286.46,20286.46,0,0,SETTLE-011744
REC011746001,L011746,2024-06-02,Settlement,21640.72,21640.72,0,0,SETTLE-011746
REC011753001,L011753,2025-03-06,Settlement,60243.14,60243.14,0,0,SETTLE-011753
REC011763001,L011763,2025-03-06,Collateral Liquidation,325441.32,325441.32,0,0,COLL011763
REC011768001,L011768,2024-07-06,Settlement,81062.32,81062.32,0,0,SETTLE-011768
REC011769001,L011769,2024-08-30,Collateral Liquidation,596093.23,596093.23,0,0,COLL011769
REC011771001,L011771,2024-07-06,Settlement,17751.57,17751.57,0,0,SETTLE-011771
REC011780001,L011780,2026-02-05,Settlement,46215.37,46215.37,0,0,SETTLE-011780
REC011781001,L011781,2024-11-05,Settlement,39020.27,39020.27,0,0,SETTLE-011781
REC011794001,L011794,2025-05-07,Settlement,25450.4,25450.4,0,0,SETTLE-011794
REC011801001,L011801,2025-03-28,Collateral Liquidation,199902.78,182812.51,17090.27,0,COLL011801
REC011805001,L011805,2024-10-08,Settlement,118280.29,118280.29,0,0,SETTLE-011805
REC011808001,L011808,2025-08-07,Settlement,132655.37,132655.37,0,0,SETTLE-011808
REC011815001,L011815,2025-10-08,Settlement,2245.57,2245.57,0,0,SETTLE-011815
REC011816001,L011816,2024-07-09,Settlement,103450.24,103450.24,0,0,SETTLE-011816
REC011823001,L011823,2025-04-09,Settlement,19492.57,19492.57,0,0,SETTLE-011823
REC011842001,L011842,2025-04-10,Settlement,62153.86,62153.86,0,0,SETTLE-011842
REC011846001,L011846,2024-08-10,Settlement,16431.45,16431.45,0,0,SETTLE-011846
REC011861001,L011861,2025-12-13,Settlement,54265.78,54265.78,0,0,SETTLE-011861
REC011875001,L011875,2025-06-13,Settlement,28870.53,28870.53,0,0,SETTLE-011875
REC011883001,L011883,2024-05-15,Settlement,100428.68,100428.68,0,0,SETTLE-011883
REC011891001,L011891,2025-01-14,Settlement,21322.09,21322.09,0,0,SETTLE-011891
REC011899001,L011899,2025-02-15,Settlement,124639.46,124639.46,0,0,SETTLE-011899
REC011901001,L011901,2024-07-22,Collateral Liquidation,189494.66,189494.66,0,0,COLL011901
REC011903001,L011903,2024-10-15,Settlement,69411.97,69411.97,0,0,SETTLE-011903
REC011921001,L011921,2024-06-18,Settlement,49763.78,49763.78,0,0,SETTLE-011921
REC011933001,L011933,2026-01-19,Settlement,21085.74,21085.74,0,0,SETTLE-011933
REC011942001,L011942,2025-11-20,Settlement,292740.21,292740.21,0,0,SETTLE-011942
REC011943001,L011943,2024-05-20,Settlement,43181.74,43181.74,0,0,SETTLE-011943
REC011947001,L011947,2025-12-20,Settlement,32060.78,32060.78,0,0,SETTLE-011947
REC011973001,L011973,2025-02-25,Settlement,59421,59421,0,0,SETTLE-011973
REC011989001,L011989,2024-11-27,Settlement,39021.83,39021.83,0,0,SETTLE-011989
REC011991001,L011991,2025-02-27,Settlement,145600.1,145600.1,0,0,SETTLE-011991
REC011992001,L011992,2024-07-27,Settlement,88823.18,88823.18,0,0,SETTLE-011992
REC011999001,L011999,2025-11-28,Settlement,21640.08,21640.08,0,0,SETTLE-011999
REC012003001,L012003,2024-09-28,Settlement,13571.02,13571.02,0,0,SETTLE-012003
REC012005001,L012005,2024-08-28,Settlement,46600.77,46600.77,0,0,SETTLE-012005
REC012009001,L012009,2024-08-29,Settlement,312487.57,312487.57,0,0,SETTLE-012009
REC012018001,L012018,2025-09-30,Settlement,15901.61,15901.61,0,0,SETTLE-012018
REC012047001,L012047,2024-06-02,Settlement,135848.19,135848.19,0,0,SETTLE-012047
REC012065001,L012065,2024-06-05,Settlement,45407.11,45407.11,0,0,SETTLE-012065
REC012074001,L012074,2025-06-06,Settlement,42742.74,42742.74,0,0,SETTLE-012074
REC012079001,L012079,2025-01-07,Settlement,75252.39,75252.39,0,0,SETTLE-012079
REC012080001,L012080,2025-09-07,Settlement,32768.48,32768.48,0,0,SETTLE-012080
REC012086001,L012086,2025-09-08,Settlement,156454.86,156454.86,0,0,SETTLE-012086
REC012098001,L012098,2024-06-09,Settlement,38296.01,38296.01,0,0,SETTLE-012098
REC012102001,L012102,2024-12-11,Settlement,122099.74,122099.74,0,0,SETTLE-012102
REC012121001,L012121,2024-08-11,Settlement,36606.26,36606.26,0,0,SETTLE-012121
REC012143001,L012143,2025-10-15,Settlement,45251.65,45251.65,0,0,SETTLE-012143
REC012145001,L012145,2025-08-14,Legal Recovery,3526.09,3526.09,0,0,LEGAL-012145
REC012147001,L012147,2025-05-16,Settlement,207815.09,207815.09,0,0,SETTLE-012147
REC012149001,L012149,2025-02-13,Collateral Liquidation,885737.16,839523.77,46213.39,0,COLL012149
REC012163001,L012163,2025-01-17,Settlement,79926.65,79926.65,0,0,SETTLE-012163
REC012165001,L012165,2025-12-29,Legal Recovery,1589.64,1589.64,0,0,LEGAL-012165
REC012167001,L012167,2025-11-18,Settlement,60478.57,60478.57,0,0,SETTLE-012167
REC012172001,L012172,2025-07-18,Settlement,86921.23,86921.23,0,0,SETTLE-012172
REC012173001,L012173,2024-07-18,Settlement,66853.75,66853.75,0,0,SETTLE-012173
REC012175001,L012175,2025-02-18,Settlement,14791.03,14791.03,0,0,SETTLE-012175
REC012186001,L012186,2024-08-20,Settlement,26190.99,26190.99,0,0,SETTLE-012186
REC012206001,L012206,2024-07-22,Settlement,109623.21,109623.21,0,0,SETTLE-012206
REC012207001,L012207,2026-01-22,Settlement,22543.06,22543.06,0,0,SETTLE-012207
REC012209001,L012209,2025-12-22,Settlement,5314.21,5314.21,0,0,SETTLE-012209
REC012235001,L012235,2024-07-25,Settlement,191274.28,191274.28,0,0,SETTLE-012235
REC012239001,L012239,2025-11-25,Settlement,167985.12,167985.12,0,0,SETTLE-012239
REC012257001,L012257,2024-06-27,Settlement,197483.11,197483.11,0,0,SETTLE-012257
REC012262001,L012262,2025-12-28,Settlement,56515.79,56515.79,0,0,SETTLE-012262
REC012280001,L012280,2025-03-30,Settlement,37840.68,37840.68,0,0,SETTLE-012280
REC012296001,L012296,2024-12-02,Settlement,26384.34,26384.34,0,0,SETTLE-012296
REC012300001,L012300,2024-12-02,Settlement,115086.35,115086.35,0,0,SETTLE-012300
REC012307001,L012307,2025-03-05,Settlement,36334.04,36334.04,0,0,SETTLE-012307
REC012313001,L012313,2025-07-04,Settlement,8954.6,8954.6,0,0,SETTLE-012313
REC012314001,L012314,2025-12-04,Settlement,31134.8,31134.8,0,0,SETTLE-012314
REC012316001,L012316,2024-10-04,Settlement,41133.42,41133.42,0,0,SETTLE-012316
REC012317001,L012317,2024-12-04,Settlement,128505.17,128505.17,0,0,SETTLE-012317
REC012330001,L012330,2025-04-05,Settlement,15777.14,15777.14,0,0,SETTLE-012330
REC012337001,L012337,2026-02-06,Settlement,3030.51,3030.51,0,0,SETTLE-012337
REC012339001,L012339,2025-03-09,Settlement,122148.31,122148.31,0,0,SETTLE-012339
REC012350001,L012350,2025-09-08,Settlement,35768.21,35768.21,0,0,SETTLE-012350
REC012351001,L012351,2025-11-08,Settlement,3758.04,3758.04,0,0,SETTLE-012351
REC012352001,L012352,2025-10-10,Settlement,10314.13,10314.13,0,0,SETTLE-012352
REC012363001,L012363,2025-06-10,Settlement,38756.09,38756.09,0,0,SETTLE-012363
REC012366001,L012366,2024-08-10,Settlement,46407.17,46407.17,0,0,SETTLE-012366
REC012409001,L012409,2025-10-15,Settlement,78215.67,78215.67,0,0,SETTLE-012409
REC012422001,L012422,2024-09-16,Settlement,13298.32,13298.32,0,0,SETTLE-012422
REC012430001,L012430,2024-09-17,Settlement,243510.18,243510.18,0,0,SETTLE-012430
REC012441001,L012441,2025-04-18,Settlement,21120.24,21120.24,0,0,SETTLE-012441
REC012444001,L012444,2025-05-18,Settlement,51089.12,51089.12,0,0,SETTLE-012444
REC012446001,L012446,2025-03-13,Legal Recovery,2305.05,2305.05,0,0,LEGAL-012446
REC012454001,L012454,2025-03-19,Settlement,39239.74,39239.74,0,0,SETTLE-012454
REC012460001,L012460,2026-02-20,Settlement,35914.5,35914.5,0,0,SETTLE-012460
REC012471001,L012471,2025-07-21,Settlement,3762.97,3762.97,0,0,SETTLE-012471
REC012474001,L012474,2025-11-21,Settlement,19640.49,19640.49,0,0,SETTLE-012474
REC012475001,L012475,2024-07-22,Settlement,43912.61,43912.61,0,0,SETTLE-012475
REC012485001,L012485,2025-01-23,Settlement,55619,55619,0,0,SETTLE-012485
REC012495001,L012495,2025-05-24,Settlement,69598.27,69598.27,0,0,SETTLE-012495
REC012501001,L012501,2025-12-25,Settlement,12203.08,12203.08,0,0,SETTLE-012501
REC012506001,L012506,2025-06-25,Settlement,75857.4,75857.4,0,0,SETTLE-012506
REC012518001,L012518,2024-12-26,Settlement,38735.26,38735.26,0,0,SETTLE-012518
REC012542001,L012542,2025-11-29,Settlement,99625.71,99625.71,0,0,SETTLE-012542
REC012547001,L012547,2024-07-29,Settlement,174983.16,174983.16,0,0,SETTLE-012547
REC012554001,L012554,2025-05-31,Settlement,137819.44,137819.44,0,0,SETTLE-012554
REC012556001,L012556,2026-01-31,Settlement,663.62,663.62,0,0,SETTLE-012556
REC012559001,L012559,2025-08-31,Settlement,28045.63,28045.63,0,0,SETTLE-012559
REC012586001,L012586,2025-04-02,Settlement,27636.15,27636.15,0,0,SETTLE-012586
REC012591001,L012591,2025-11-03,Settlement,46554.67,46554.67,0,0,SETTLE-012591
REC012601001,L012601,2024-12-05,Settlement,216501.88,216501.88,0,0,SETTLE-012601
REC012605001,L012605,2025-06-24,Legal Recovery,16435.14,16435.14,0,0,LEGAL-012605
REC012609001,L012609,2024-11-05,Settlement,28512.92,28512.92,0,0,SETTLE-012609
REC012617001,L012617,2024-08-05,Settlement,29230.32,29230.32,0,0,SETTLE-012617
REC012627001,L012627,2025-10-08,Settlement,11882.34,11882.34,0,0,SETTLE-012627
REC012631001,L012631,2025-04-08,Settlement,41312.63,41312.63,0,0,SETTLE-012631
REC012642001,L012642,2025-02-08,Settlement,44685.2,44685.2,0,0,SETTLE-012642
REC012647001,L012647,2024-10-10,Settlement,74264.63,74264.63,0,0,SETTLE-012647
REC012648001,L012648,2024-11-09,Settlement,84774.09,84774.09,0,0,SETTLE-012648
REC012666001,L012666,2025-10-27,Collateral Liquidation,112587.76,112587.76,0,0,COLL012666
REC012667001,L012667,2025-03-14,Settlement,80131.51,80131.51,0,0,SETTLE-012667
REC012672001,L012672,2024-09-11,Settlement,35596.09,35596.09,0,0,SETTLE-012672
REC012684001,L012684,2025-01-12,Settlement,59899.21,59899.21,0,0,SETTLE-012684
REC012706001,L012706,2024-11-16,Settlement,6161.1,6161.1,0,0,SETTLE-012706
REC012712001,L012712,2024-09-16,Settlement,52965.7,52965.7,0,0,SETTLE-012712
REC012714001,L012714,2025-04-17,Settlement,194626.64,194626.64,0,0,SETTLE-012714
REC012719001,L012719,2024-09-17,Settlement,96057.13,96057.13,0,0,SETTLE-012719
REC012721001,L012721,2025-08-18,Settlement,16829.56,16829.56,0,0,SETTLE-012721
REC012733001,L012733,2025-07-19,Settlement,22188.99,22188.99,0,0,SETTLE-012733
REC012743001,L012743,2026-01-20,Settlement,38411.38,38411.38,0,0,SETTLE-012743
REC012747001,L012747,2026-01-20,Settlement,20587.25,20587.25,0,0,SETTLE-012747
REC012769001,L012769,2024-09-23,Settlement,34450.26,34450.26,0,0,SETTLE-012769
REC012779001,L012779,2024-09-24,Settlement,34696.8,34696.8,0,0,SETTLE-012779
REC012790001,L012790,2025-06-26,Settlement,8597.63,8597.63,0,0,SETTLE-012790
REC012791001,L012791,2026-02-16,Legal Recovery,66523.41,66523.41,0,0,LEGAL-012791
REC012791002,L012791,2026-03-02,Collateral Liquidation,474820.35,344934.18,129886.17,0,COLL012791
REC012812001,L012812,2024-08-29,Settlement,11235.68,11235.68,0,0,SETTLE-012812
REC012821001,L012821,2024-10-30,Settlement,154260.13,154260.13,0,0,SETTLE-012821
REC012828001,L012828,2024-10-01,Settlement,10275.38,10275.38,0,0,SETTLE-012828
REC012838001,L012838,2025-10-02,Settlement,38732.14,38732.14,0,0,SETTLE-012838
REC012846001,L012846,2026-03-18,Legal Recovery,683.09,683.09,0,0,LEGAL-012846
REC012852001,L012852,2025-06-03,Settlement,8673.47,8673.47,0,0,SETTLE-012852
REC012866001,L012866,2025-03-08,Settlement,62240.49,62240.49,0,0,SETTLE-012866
REC012871001,L012871,2025-06-26,Collateral Liquidation,265094.7,265094.7,0,0,COLL012871
REC012881001,L012881,2024-09-08,Settlement,65162.47,65162.47,0,0,SETTLE-012881
REC012891001,L012891,2025-07-10,Settlement,11478.04,11478.04,0,0,SETTLE-012891
REC012896001,L012896,2025-10-10,Settlement,29730.04,29730.04,0,0,SETTLE-012896
REC012901001,L012901,2024-11-09,Settlement,15529.88,15529.88,0,0,SETTLE-012901
REC012902001,L012902,2026-02-10,Settlement,30474.72,30474.72,0,0,SETTLE-012902
REC012911001,L012911,2024-12-30,Collateral Liquidation,129106.96,129106.96,0,0,COLL012911
REC012920001,L012920,2026-01-12,Settlement,125247.19,125247.19,0,0,SETTLE-012920
REC012940001,L012940,2024-09-14,Settlement,17927.5,17927.5,0,0,SETTLE-012940
REC012948001,L012948,2024-11-16,Settlement,17846.71,17846.71,0,0,SETTLE-012948
REC012952001,L012952,2024-11-29,Collateral Liquidation,422403.21,422403.21,0,0,COLL012952
REC012954001,L012954,2025-01-17,Settlement,21936.73,21936.73,0,0,SETTLE-012954
REC012964001,L012964,2025-01-18,Settlement,14698.76,14698.76,0,0,SETTLE-012964
REC012967001,L012967,2024-09-19,Settlement,39016.45,39016.45,0,0,SETTLE-012967
REC012969001,L012969,2025-07-19,Settlement,37301.98,37301.98,0,0,SETTLE-012969
REC012977001,L012977,2025-06-19,Settlement,25072.03,25072.03,0,0,SETTLE-012977
REC012988001,L012988,2025-05-21,Settlement,85346.16,85346.16,0,0,SETTLE-012988
REC012989001,L012989,2024-10-21,Settlement,101666.57,101666.57,0,0,SETTLE-012989
REC013014001,L013014,2024-11-23,Settlement,155670.78,155670.78,0,0,SETTLE-013014
REC013017001,L013017,2024-12-24,Settlement,28248.38,28248.38,0,0,SETTLE-013017
REC013028001,L013028,2025-06-25,Settlement,91810.66,91810.66,0,0,SETTLE-013028
REC013033001,L013033,2024-10-26,Settlement,46857.03,46857.03,0,0,SETTLE-013033
REC013037001,L013037,2024-09-26,Settlement,104563.49,104563.49,0,0,SETTLE-013037
REC013051001,L013051,2025-05-27,Settlement,26498.62,26498.62,0,0,SETTLE-013051
REC013052001,L013052,2025-10-11,Legal Recovery,21318.31,21318.31,0,0,LEGAL-013052
REC013059001,L013059,2025-01-25,Legal Recovery,3344.33,3344.33,0,0,LEGAL-013059
REC013065001,L013065,2025-09-09,Collateral Liquidation,194326.93,117554.44,76772.49,0,COLL013065
REC013066001,L013066,2025-04-29,Settlement,52863.88,52863.88,0,0,SETTLE-013066
REC013069001,L013069,2025-06-29,Settlement,85395.63,85395.63,0,0,SETTLE-013069
REC013076001,L013076,2024-10-30,Settlement,38313.07,38313.07,0,0,SETTLE-013076
REC013103001,L013103,2025-02-03,Collateral Liquidation,412535.35,412535.35,0,0,COLL013103
REC013123001,L013123,2025-07-07,Settlement,72375.57,72375.57,0,0,SETTLE-013123
REC013139001,L013139,2025-09-08,Settlement,20437.23,20437.23,0,0,SETTLE-013139
REC013147001,L013147,2025-05-11,Settlement,60299.9,60299.9,0,0,SETTLE-013147
REC013155001,L013155,2024-11-21,Collateral Liquidation,181997.47,181997.47,0,0,COLL013155
REC013180001,L013180,2025-08-13,Settlement,13448.73,13448.73,0,0,SETTLE-013180
REC013183001,L013183,2025-06-13,Settlement,35266.83,35266.83,0,0,SETTLE-013183
REC013188001,L013188,2025-06-21,Legal Recovery,21476.64,21476.64,0,0,LEGAL-013188
REC013197001,L013197,2025-09-24,Legal Recovery,4072.49,4072.49,0,0,LEGAL-013197
REC013199001,L013199,2025-08-15,Settlement,3695.4,3695.4,0,0,SETTLE-013199
REC013204001,L013204,2025-05-16,Settlement,26377.24,26377.24,0,0,SETTLE-013204
REC013206001,L013206,2025-08-16,Settlement,60753.7,60753.7,0,0,SETTLE-013206
REC013227001,L013227,2025-01-19,Settlement,96683.99,96683.99,0,0,SETTLE-013227
REC013228001,L013228,2024-12-19,Settlement,214508.62,214508.62,0,0,SETTLE-013228
REC013237001,L013237,2025-07-20,Settlement,48982.93,48982.93,0,0,SETTLE-013237
REC013260001,L013260,2025-01-22,Settlement,18801.36,18801.36,0,0,SETTLE-013260
REC013274001,L013274,2025-08-23,Settlement,19431.27,19431.27,0,0,SETTLE-013274
REC013277001,L013277,2025-08-24,Settlement,127545.38,127545.38,0,0,SETTLE-013277
REC013282001,L013282,2025-03-17,Legal Recovery,10181.27,10181.27,0,0,LEGAL-013282
REC013294001,L013294,2025-01-26,Settlement,27777.83,27777.83,0,0,SETTLE-013294
REC013310001,L013310,2025-07-28,Settlement,187335.02,187335.02,0,0,SETTLE-013310
REC013311001,L013311,2025-02-28,Settlement,82871.83,82871.83,0,0,SETTLE-013311
REC013332001,L013332,2025-07-29,Settlement,13787.92,13787.92,0,0,SETTLE-013332
REC013345001,L013345,2025-05-01,Settlement,67764.67,67764.67,0,0,SETTLE-013345
REC013349001,L013349,2025-05-02,Settlement,36813.71,36813.71,0,0,SETTLE-013349
REC013353001,L013353,2025-03-04,Settlement,29167.61,29167.61,0,0,SETTLE-013353
REC013366001,L013366,2025-07-03,Settlement,108033.2,108033.2,0,0,SETTLE-013366
REC013367001,L013367,2025-08-02,Settlement,33395.12,33395.12,0,0,SETTLE-013367
REC013373001,L013373,2025-01-03,Settlement,47702.61,47702.61,0,0,SETTLE-013373
REC013376001,L013376,2025-03-06,Settlement,19283.94,19283.94,0,0,SETTLE-013376
REC013386001,L013386,2025-09-04,Settlement,67343.7,67343.7,0,0,SETTLE-013386
REC013395001,L013395,2025-11-05,Settlement,22349.73,22349.73,0,0,SETTLE-013395
REC013396001,L013396,2024-11-05,Settlement,54918.52,54918.52,0,0,SETTLE-013396
REC013397001,L013397,2024-11-05,Settlement,90024.15,90024.15,0,0,SETTLE-013397
REC013410001,L013410,2025-06-06,Settlement,51142.51,51142.51,0,0,SETTLE-013410
REC013411001,L013411,2026-01-06,Settlement,67298.26,67298.26,0,0,SETTLE-013411
REC013412001,L013412,2025-04-13,Legal Recovery,2378.52,2378.52,0,0,LEGAL-013412
REC013415001,L013415,2025-07-12,Collateral Liquidation,227135.07,227135.07,0,0,COLL013415
REC013419001,L013419,2025-01-07,Settlement,13800.46,13800.46,0,0,SETTLE-013419
REC013446001,L013446,2025-08-10,Settlement,70067.86,70067.86,0,0,SETTLE-013446
REC013448001,L013448,2025-03-13,Settlement,30110.42,30110.42,0,0,SETTLE-013448
REC013463001,L013463,2024-11-11,Settlement,23622.54,23622.54,0,0,SETTLE-013463
REC013519001,L013519,2025-01-19,Settlement,53107.01,53107.01,0,0,SETTLE-013519
REC013530001,L013530,2025-10-20,Settlement,10840.72,10840.72,0,0,SETTLE-013530
REC013539001,L013539,2025-04-21,Settlement,15342.11,15342.11,0,0,SETTLE-013539
REC013544001,L013544,2025-10-07,Legal Recovery,2445.79,2445.79,0,0,LEGAL-013544
REC013554001,L013554,2025-08-22,Legal Recovery,32183.54,32183.54,0,0,LEGAL-013554
REC013556001,L013556,2025-04-22,Settlement,16290.86,16290.86,0,0,SETTLE-013556
REC013580001,L013580,2024-12-24,Settlement,9074.73,9074.73,0,0,SETTLE-013580
REC013581001,L013581,2025-07-24,Settlement,15490.79,15490.79,0,0,SETTLE-013581
REC013586001,L013586,2025-09-24,Settlement,30428.47,30428.47,0,0,SETTLE-013586
REC013589001,L013589,2025-05-24,Settlement,57417.66,57417.66,0,0,SETTLE-013589
REC013592001,L013592,2025-10-25,Settlement,14001.52,14001.52,0,0,SETTLE-013592
REC013598001,L013598,2025-12-26,Settlement,52834.81,52834.81,0,0,SETTLE-013598
REC013608001,L013608,2025-06-26,Settlement,46503.38,46503.38,0,0,SETTLE-013608
REC013616001,L013616,2025-07-27,Settlement,128236.62,128236.62,0,0,SETTLE-013616
REC013620001,L013620,2024-11-27,Settlement,148939.74,148939.74,0,0,SETTLE-013620
REC013643001,L013643,2026-01-29,Settlement,89083.43,89083.43,0,0,SETTLE-013643
REC013652001,L013652,2024-11-30,Settlement,155384.78,155384.78,0,0,SETTLE-013652
REC013670001,L013670,2025-08-31,Settlement,7701.16,7701.16,0,0,SETTLE-013670
REC013676001,L013676,2025-09-01,Settlement,26574.04,26574.04,0,0,SETTLE-013676
REC013690001,L013690,2025-01-02,Settlement,134681.02,134681.02,0,0,SETTLE-013690
REC013696001,L013696,2026-02-02,Settlement,53708.89,53708.89,0,0,SETTLE-013696
REC013698001,L013698,2025-01-02,Settlement,24882.46,24882.46,0,0,SETTLE-013698
REC013699001,L013699,2025-11-09,Collateral Liquidation,295169.56,295169.56,0,0,COLL013699
REC013730001,L013730,2025-08-05,Settlement,44797.39,44797.39,0,0,SETTLE-013730
REC013739001,L013739,2025-06-06,Settlement,26444.12,26444.12,0,0,SETTLE-013739
REC013761001,L013761,2025-10-10,Settlement,75157.36,75157.36,0,0,SETTLE-013761
REC013766001,L013766,2025-03-12,Settlement,77464.8,77464.8,0,0,SETTLE-013766
REC013803001,L013803,2026-01-13,Settlement,9258.03,9258.03,0,0,SETTLE-013803
REC013821001,L013821,2025-01-15,Settlement,113337.33,113337.33,0,0,SETTLE-013821
REC013836001,L013836,2025-08-16,Settlement,16374.57,16374.57,0,0,SETTLE-013836
REC013850001,L013850,2026-02-17,Settlement,12663.14,12663.14,0,0,SETTLE-013850
REC013872001,L013872,2026-02-19,Settlement,24928.79,24928.79,0,0,SETTLE-013872
REC013893001,L013893,2025-10-20,Settlement,8694.73,8694.73,0,0,SETTLE-013893
REC013895001,L013895,2026-02-20,Settlement,29164.96,29164.96,0,0,SETTLE-013895
REC013910001,L013910,2026-03-07,Collateral Liquidation,38982.16,28626.08,10356.08,0,COLL013910
REC013918001,L013918,2025-04-22,Settlement,46894.82,46894.82,0,0,SETTLE-013918
REC013922001,L013922,2025-05-22,Settlement,48617.45,48617.45,0,0,SETTLE-013922
REC013937001,L013937,2025-01-24,Settlement,51249.96,51249.96,0,0,SETTLE-013937
REC013943001,L013943,2025-03-24,Settlement,43621.21,43621.21,0,0,SETTLE-013943
REC013944001,L013944,2025-08-24,Settlement,183254.73,183254.73,0,0,SETTLE-013944
REC013945001,L013945,2025-02-24,Settlement,59289.99,59289.99,0,0,SETTLE-013945
REC013954001,L013954,2025-01-25,Settlement,28176.19,28176.19,0,0,SETTLE-013954
REC013957001,L013957,2025-08-25,Settlement,11525.4,11525.4,0,0,SETTLE-013957
REC013983001,L013983,2025-06-27,Settlement,19004.01,19004.01,0,0,SETTLE-013983
REC013984001,L013984,2026-03-20,Legal Recovery,29774.07,29774.07,0,0,LEGAL-013984
REC013989001,L013989,2025-03-27,Settlement,120183.15,120183.15,0,0,SETTLE-013989
REC013990001,L013990,2025-05-27,Settlement,100123.07,100123.07,0,0,SETTLE-013990
REC014022001,L014022,2026-02-27,Collateral Liquidation,117934.28,103913.79,14020.49,0,COLL014022
REC014038001,L014038,2025-05-31,Settlement,39530.61,39530.61,0,0,SETTLE-014038
REC014039001,L014039,2025-04-01,Settlement,26885.78,26885.78,0,0,SETTLE-014039
REC014047001,L014047,2025-05-31,Collateral Liquidation,177848.11,177848.11,0,0,COLL014047
REC014049001,L014049,2025-09-02,Settlement,32169.31,32169.31,0,0,SETTLE-014049
REC014050001,L014050,2025-08-02,Settlement,22642.27,22642.27,0,0,SETTLE-014050
REC014057001,L014057,2025-02-02,Settlement,44869.32,44869.32,0,0,SETTLE-014057
REC014068001,L014068,2025-09-03,Settlement,14137.61,14137.61,0,0,SETTLE-014068
REC014089001,L014089,2026-01-13,Legal Recovery,7213.94,7213.94,0,0,LEGAL-014089
REC014134001,L014134,2025-02-09,Settlement,96927.28,96927.28,0,0,SETTLE-014134
REC014139001,L014139,2026-02-03,Legal Recovery,2551.85,2551.85,0,0,LEGAL-014139
REC014151001,L014151,2025-05-20,Legal Recovery,38200.92,38200.92,0,0,LEGAL-014151
REC014157001,L014157,2025-01-11,Settlement,42313.28,42313.28,0,0,SETTLE-014157
REC014181001,L014181,2026-01-13,Settlement,328501.72,328501.72,0,0,SETTLE-014181
REC014206001,L014206,2025-02-17,Settlement,15857.24,15857.24,0,0,SETTLE-014206
REC014211001,L014211,2026-02-18,Collateral Liquidation,124000.04,124000.04,0,0,COLL014211
REC014214001,L014214,2025-06-17,Settlement,151672.6,151672.6,0,0,SETTLE-014214
REC014226001,L014226,2025-05-19,Settlement,62390.86,62390.86,0,0,SETTLE-014226
REC014227001,L014227,2025-03-19,Collateral Liquidation,348099.28,348099.28,0,0,COLL014227
REC014257001,L014257,2025-08-21,Settlement,14654.42,14654.42,0,0,SETTLE-014257
REC014264001,L014264,2025-11-02,Collateral Liquidation,327333.45,311112.91,16220.54,0,COLL014264
REC014279001,L014279,2025-02-23,Settlement,55688.97,55688.97,0,0,SETTLE-014279
REC014287001,L014287,2025-04-23,Settlement,11765.35,11765.35,0,0,SETTLE-014287
REC014309001,L014309,2025-09-25,Settlement,18094.54,18094.54,0,0,SETTLE-014309
REC014317001,L014317,2025-07-26,Settlement,38913.37,38913.37,0,0,SETTLE-014317
REC014318001,L014318,2025-04-26,Settlement,6821.16,6821.16,0,0,SETTLE-014318
REC014325001,L014325,2025-04-27,Settlement,50786.53,50786.53,0,0,SETTLE-014325
REC014350001,L014350,2025-05-30,Settlement,32955.82,32955.82,0,0,SETTLE-014350
REC014351001,L014351,2025-09-30,Settlement,82280.43,82280.43,0,0,SETTLE-014351
REC014354001,L014354,2025-04-30,Settlement,114274.52,114274.52,0,0,SETTLE-014354
REC014355001,L014355,2025-12-30,Settlement,33958.69,33958.69,0,0,SETTLE-014355
REC014366001,L014366,2025-08-01,Settlement,37976.94,37976.94,0,0,SETTLE-014366
REC014369001,L014369,2026-02-05,Collateral Liquidation,208773.45,167466.6,41306.85,0,COLL014369
REC014375001,L014375,2025-07-02,Settlement,136082.45,136082.45,0,0,SETTLE-014375
REC014376001,L014376,2025-06-01,Settlement,5958.54,5958.54,0,0,SETTLE-014376
REC014385001,L014385,2026-01-02,Settlement,32297.27,32297.27,0,0,SETTLE-014385
REC014386001,L014386,2025-02-02,Settlement,20578.66,20578.66,0,0,SETTLE-014386
REC014387001,L014387,2025-02-02,Settlement,81834.14,81834.14,0,0,SETTLE-014387
REC014408001,L014408,2025-08-04,Settlement,32157.48,32157.48,0,0,SETTLE-014408
REC014435001,L014435,2025-10-08,Settlement,100358.34,100358.34,0,0,SETTLE-014435
REC014469001,L014469,2025-12-10,Settlement,86286.65,86286.65,0,0,SETTLE-014469
REC014482001,L014482,2025-09-13,Collateral Liquidation,269337.37,231969.81,37367.56,0,COLL014482
REC014483001,L014483,2025-05-11,Settlement,65175.7,65175.7,0,0,SETTLE-014483
REC014486001,L014486,2025-10-12,Settlement,92375.1,92375.1,0,0,SETTLE-014486
REC014495001,L014495,2025-12-13,Settlement,9964.95,9964.95,0,0,SETTLE-014495
REC014496001,L014496,2026-01-12,Settlement,53101.97,53101.97,0,0,SETTLE-014496
REC014501001,L014501,2025-05-13,Settlement,78803.19,78803.19,0,0,SETTLE-014501
REC014508001,L014508,2025-03-15,Settlement,148139.77,148139.77,0,0,SETTLE-014508
REC014515001,L014515,2025-05-14,Settlement,19028.01,19028.01,0,0,SETTLE-014515
REC014521001,L014521,2025-12-12,Collateral Liquidation,77036.09,39682.19,37353.9,0,COLL014521
REC014523001,L014523,2025-07-15,Settlement,17370.11,17370.11,0,0,SETTLE-014523
REC014524001,L014524,2025-02-14,Settlement,74223.36,74223.36,0,0,SETTLE-014524
REC014525001,L014525,2025-07-22,Legal Recovery,20578.32,20578.32,0,0,LEGAL-014525
REC014526001,L014526,2025-03-15,Settlement,120906.34,120906.34,0,0,SETTLE-014526
REC014547001,L014547,2025-03-16,Settlement,16920.45,16920.45,0,0,SETTLE-014547
REC014553001,L014553,2025-11-17,Collateral Liquidation,286483.13,280113.27,6369.86,0,COLL014553
REC014567001,L014567,2025-02-17,Settlement,54456.38,54456.38,0,0,SETTLE-014567
REC014574001,L014574,2025-12-12,Legal Recovery,11929.19,11929.19,0,0,LEGAL-014574
REC014576001,L014576,2025-05-18,Settlement,85065.24,85065.24,0,0,SETTLE-014576
REC014580001,L014580,2025-09-18,Settlement,174567.63,174567.63,0,0,SETTLE-014580
REC014588001,L014588,2025-12-10,Legal Recovery,2968.99,2968.99,0,0,LEGAL-014588
REC014590001,L014590,2025-03-19,Settlement,24267.44,24267.44,0,0,SETTLE-014590
REC014593001,L014593,2026-01-25,Legal Recovery,4194.09,4194.09,0,0,LEGAL-014593
REC014594001,L014594,2025-11-28,Legal Recovery,12587.12,12587.12,0,0,LEGAL-014594
REC014595001,L014595,2025-05-20,Settlement,208142.37,208142.37,0,0,SETTLE-014595
REC014607001,L014607,2025-02-20,Settlement,106857.44,106857.44,0,0,SETTLE-014607
REC014614001,L014614,2025-06-21,Settlement,43385.19,43385.19,0,0,SETTLE-014614
REC014638001,L014638,2025-12-23,Settlement,61647.51,61647.51,0,0,SETTLE-014638
REC014649001,L014649,2025-04-24,Settlement,20768.08,20768.08,0,0,SETTLE-014649
REC014655001,L014655,2025-02-24,Settlement,73038.47,73038.47,0,0,SETTLE-014655
REC014672001,L014672,2025-07-26,Settlement,51903.95,51903.95,0,0,SETTLE-014672
REC014673001,L014673,2025-11-26,Settlement,35440.01,35440.01,0,0,SETTLE-014673
REC014688001,L014688,2025-02-27,Settlement,158212.12,158212.12,0,0,SETTLE-014688
REC014689001,L014689,2025-12-27,Settlement,17634.78,17634.78,0,0,SETTLE-014689
REC014693001,L014693,2025-05-28,Settlement,45542.93,45542.93,0,0,SETTLE-014693
REC014699001,L014699,2025-06-28,Settlement,70061.72,70061.72,0,0,SETTLE-014699
REC014700001,L014700,2025-02-28,Settlement,12163.55,12163.55,0,0,SETTLE-014700
REC014723001,L014723,2025-05-01,Settlement,9966.05,9966.05,0,0,SETTLE-014723
REC014733001,L014733,2025-06-01,Settlement,43433.57,43433.57,0,0,SETTLE-014733
REC014745001,L014745,2025-09-29,Legal Recovery,14767.9,14767.9,0,0,LEGAL-014745
REC014767001,L014767,2025-12-08,Legal Recovery,15975.29,15975.29,0,0,LEGAL-014767
REC014768001,L014768,2025-12-04,Settlement,16565.59,16565.59,0,0,SETTLE-014768
REC014770001,L014770,2026-02-04,Settlement,84983.91,84983.91,0,0,SETTLE-014770
REC014781001,L014781,2025-08-05,Settlement,38200.1,38200.1,0,0,SETTLE-014781
REC014793001,L014793,2025-12-07,Settlement,19699.21,19699.21,0,0,SETTLE-014793
REC014807001,L014807,2025-08-07,Settlement,60788.98,60788.98,0,0,SETTLE-014807
REC014813001,L014813,2025-06-07,Settlement,91862.2,91862.2,0,0,SETTLE-014813
REC014814001,L014814,2025-03-10,Settlement,76578.88,76578.88,0,0,SETTLE-014814
REC014821001,L014821,2025-09-08,Settlement,27542.75,27542.75,0,0,SETTLE-014821
REC014828001,L014828,2025-05-09,Settlement,81503.58,81503.58,0,0,SETTLE-014828
REC014829001,L014829,2025-06-08,Settlement,118665.91,118665.91,0,0,SETTLE-014829
REC014831001,L014831,2025-06-08,Settlement,70928.4,70928.4,0,0,SETTLE-014831
REC014836001,L014836,2025-12-09,Settlement,44027.92,44027.92,0,0,SETTLE-014836
REC014861001,L014861,2025-05-11,Settlement,42637.18,42637.18,0,0,SETTLE-014861
REC014867001,L014867,2025-07-12,Settlement,7836.1,7836.1,0,0,SETTLE-014867
REC014883001,L014883,2025-07-14,Settlement,54909.5,54909.5,0,0,SETTLE-014883
REC014888001,L014888,2025-03-15,Settlement,53646.71,53646.71,0,0,SETTLE-014888
REC014893001,L014893,2025-07-15,Settlement,262341.65,262341.65,0,0,SETTLE-014893
REC014914001,L014914,2025-11-15,Settlement,165667.42,165667.42,0,0,SETTLE-014914
REC014916001,L014916,2025-09-15,Settlement,8791.26,8791.26,0,0,SETTLE-014916
REC014922001,L014922,2025-04-16,Settlement,168058.82,168058.82,0,0,SETTLE-014922
REC014949001,L014949,2025-06-18,Settlement,71342.11,71342.11,0,0,SETTLE-014949
REC014955001,L014955,2025-06-18,Settlement,47399.62,47399.62,0,0,SETTLE-014955
REC014960001,L014960,2025-08-19,Settlement,237918.54,237918.54,0,0,SETTLE-014960
REC015008001,L015008,2025-03-23,Settlement,72500.51,72500.51,0,0,SETTLE-015008
REC015011001,L015011,2025-05-24,Settlement,97614.55,97614.55,0,0,SETTLE-015011
REC015023001,L015023,2025-11-25,Settlement,41605.77,41605.77,0,0,SETTLE-015023
REC015036001,L015036,2025-07-27,Settlement,197107.83,197107.83,0,0,SETTLE-015036
REC015041001,L015041,2025-07-27,Settlement,16895.34,16895.34,0,0,SETTLE-015041
REC015047001,L015047,2025-11-27,Settlement,59924.23,59924.23,0,0,SETTLE-015047
REC015052001,L015052,2025-06-28,Settlement,27667.97,27667.97,0,0,SETTLE-015052
REC015053001,L015053,2025-05-28,Settlement,43383.53,43383.53,0,0,SETTLE-015053
REC015055001,L015055,2025-11-28,Settlement,36061.64,36061.64,0,0,SETTLE-015055
REC015077001,L015077,2026-03-21,Legal Recovery,5595.04,5595.04,0,0,LEGAL-015077
REC015128001,L015128,2026-01-04,Settlement,30732.53,30732.53,0,0,SETTLE-015128
REC015168001,L015168,2025-07-31,Collateral Liquidation,470536.46,470536.46,0,0,COLL015168
REC015168002,L015168,2025-08-27,Legal Recovery,78449.52,78449.52,0,0,LEGAL-015168
REC015182001,L015182,2025-08-10,Settlement,131253.01,131253.01,0,0,SETTLE-015182
REC015193001,L015193,2025-05-12,Settlement,32834.65,32834.65,0,0,SETTLE-015193
REC015205001,L015205,2025-06-12,Settlement,73792.65,73792.65,0,0,SETTLE-015205
REC015216001,L015216,2025-05-16,Settlement,140323.56,140323.56,0,0,SETTLE-015216
REC015220001,L015220,2025-12-17,Settlement,63475.85,63475.85,0,0,SETTLE-015220
REC015234001,L015234,2025-11-18,Settlement,34147.32,34147.32,0,0,SETTLE-015234
REC015238001,L015238,2025-09-18,Settlement,40796.27,40796.27,0,0,SETTLE-015238
REC015248001,L015248,2025-05-19,Settlement,15858.54,15858.54,0,0,SETTLE-015248
REC015251001,L015251,2026-02-19,Settlement,32624.64,32624.64,0,0,SETTLE-015251
REC015260001,L015260,2026-01-20,Settlement,70316.03,70316.03,0,0,SETTLE-015260
REC015264001,L015264,2025-08-20,Settlement,67419.67,67419.67,0,0,SETTLE-015264
REC015272001,L015272,2025-12-21,Settlement,46178.45,46178.45,0,0,SETTLE-015272
REC015273001,L015273,2025-08-21,Settlement,51606.03,51606.03,0,0,SETTLE-015273
REC015282001,L015282,2025-09-22,Settlement,46635.16,46635.16,0,0,SETTLE-015282
REC015285001,L015285,2025-04-22,Settlement,97461.26,97461.26,0,0,SETTLE-015285
REC015318001,L015318,2025-12-25,Settlement,44260.62,44260.62,0,0,SETTLE-015318
REC015330001,L015330,2025-09-25,Settlement,24871.5,24871.5,0,0,SETTLE-015330
REC015341001,L015341,2025-08-26,Settlement,45686.49,45686.49,0,0,SETTLE-015341
REC015345001,L015345,2025-10-26,Settlement,22920.2,22920.2,0,0,SETTLE-015345
REC015376001,L015376,2025-12-02,Legal Recovery,9069.58,9069.58,0,0,LEGAL-015376
REC015379001,L015379,2025-10-29,Settlement,62461.46,62461.46,0,0,SETTLE-015379
REC015381001,L015381,2025-04-30,Settlement,184474.55,184474.55,0,0,SETTLE-015381
REC015382001,L015382,2025-04-30,Settlement,96142.98,96142.98,0,0,SETTLE-015382
REC015384001,L015384,2026-01-30,Settlement,19637.56,19637.56,0,0,SETTLE-015384
REC015416001,L015416,2025-06-02,Settlement,127651.35,127651.35,0,0,SETTLE-015416
REC015417001,L015417,2025-06-03,Settlement,70361.82,70361.82,0,0,SETTLE-015417
REC015419001,L015419,2025-10-04,Settlement,24626.42,24626.42,0,0,SETTLE-015419
REC015423001,L015423,2025-09-03,Settlement,73281.52,73281.52,0,0,SETTLE-015423
REC015432001,L015432,2025-05-05,Settlement,133986.05,133986.05,0,0,SETTLE-015432
REC015445001,L015445,2026-02-05,Settlement,30056.3,30056.3,0,0,SETTLE-015445
REC015483001,L015483,2025-08-09,Settlement,109025.72,109025.72,0,0,SETTLE-015483
REC015485001,L015485,2025-06-10,Settlement,692479.38,692479.38,0,0,SETTLE-015485
REC015489001,L015489,2025-05-11,Settlement,12594.43,12594.43,0,0,SETTLE-015489
REC015490001,L015490,2026-01-10,Settlement,454737.26,454737.26,0,0,SETTLE-015490
REC015492001,L015492,2025-12-11,Settlement,12906.02,12906.02,0,0,SETTLE-015492
REC015498001,L015498,2025-07-12,Settlement,84936.5,84936.5,0,0,SETTLE-015498
REC015531001,L015531,2025-07-15,Settlement,173604.32,173604.32,0,0,SETTLE-015531
REC015532001,L015532,2026-02-15,Settlement,25138.92,25138.92,0,0,SETTLE-015532
REC015540001,L015540,2025-08-15,Settlement,50599.22,50599.22,0,0,SETTLE-015540
REC015548001,L015548,2026-01-16,Settlement,108016,108016,0,0,SETTLE-015548
REC015558001,L015558,2025-05-17,Settlement,56221.16,56221.16,0,0,SETTLE-015558
REC015582001,L015582,2025-10-20,Settlement,26444.34,26444.34,0,0,SETTLE-015582
REC015590001,L015590,2025-07-29,Legal Recovery,5380.46,5380.46,0,0,LEGAL-015590
REC015593001,L015593,2025-08-21,Settlement,81820.34,81820.34,0,0,SETTLE-015593
REC015612001,L015612,2025-06-22,Settlement,145845.4,145845.4,0,0,SETTLE-015612
REC015616001,L015616,2025-11-23,Settlement,59200.07,59200.07,0,0,SETTLE-015616
REC015623001,L015623,2025-09-23,Collateral Liquidation,122696.88,122696.88,0,0,COLL015623
REC015640001,L015640,2025-05-26,Settlement,85386.44,85386.44,0,0,SETTLE-015640
REC015662001,L015662,2025-07-28,Settlement,39602.28,39602.28,0,0,SETTLE-015662
REC015679001,L015679,2025-05-31,Settlement,26006.12,26006.12,0,0,SETTLE-015679
REC015688001,L015688,2025-11-01,Settlement,6250.88,6250.88,0,0,SETTLE-015688
REC015689001,L015689,2025-08-01,Settlement,73452.92,73452.92,0,0,SETTLE-015689
REC015701001,L015701,2025-07-04,Settlement,23964.91,23964.91,0,0,SETTLE-015701
REC015740001,L015740,2026-02-03,Collateral Liquidation,49268.08,49268.08,0,0,COLL015740
REC015752001,L015752,2025-08-07,Settlement,15279.11,15279.11,0,0,SETTLE-015752
REC015778001,L015778,2025-11-10,Settlement,5694.14,5694.14,0,0,SETTLE-015778
REC015802001,L015802,2025-07-14,Settlement,122312.62,122312.62,0,0,SETTLE-015802
REC015830001,L015830,2025-11-23,Legal Recovery,15023.94,15023.94,0,0,LEGAL-015830
REC015836001,L015836,2026-02-17,Settlement,36248.39,36248.39,0,0,SETTLE-015836
REC015862001,L015862,2026-02-20,Settlement,5718.03,5718.03,0,0,SETTLE-015862
REC015880001,L015880,2025-09-22,Settlement,50298.78,50298.78,0,0,SETTLE-015880
REC015936001,L015936,2025-06-26,Settlement,450256.42,450256.42,0,0,SETTLE-015936
REC015942001,L015942,2025-10-26,Settlement,62574.83,62574.83,0,0,SETTLE-015942
REC015944001,L015944,2025-11-27,Settlement,172441.6,172441.6,0,0,SETTLE-015944
REC015949001,L015949,2026-01-27,Settlement,85381.01,85381.01,0,0,SETTLE-015949
REC015960001,L015960,2025-09-29,Settlement,55052.34,55052.34,0,0,SETTLE-015960
REC015970001,L015970,2025-10-30,Settlement,19543.03,19543.03,0,0,SETTLE-015970
REC015981001,L015981,2025-12-01,Settlement,47890.36,47890.36,0,0,SETTLE-015981
REC015987001,L015987,2025-08-01,Settlement,47139.61,47139.61,0,0,SETTLE-015987
REC015996001,L015996,2025-09-02,Settlement,14661.83,14661.83,0,0,SETTLE-015996
REC015999001,L015999,2025-08-02,Settlement,23569.09,23569.09,0,0,SETTLE-015999
REC016018001,L016018,2025-09-04,Settlement,30090.68,30090.68,0,0,SETTLE-016018
REC016034001,L016034,2026-02-10,Legal Recovery,4896.59,4896.59,0,0,LEGAL-016034
REC016036001,L016036,2025-08-05,Settlement,19797.92,19797.92,0,0,SETTLE-016036
REC016043001,L016043,2025-10-07,Settlement,56194.26,56194.26,0,0,SETTLE-016043
REC016044001,L016044,2025-09-06,Settlement,25008.22,25008.22,0,0,SETTLE-016044
REC016050001,L016050,2025-11-25,Legal Recovery,19864.9,19864.9,0,0,LEGAL-016050
REC016057001,L016057,2025-12-09,Settlement,31165.67,31165.67,0,0,SETTLE-016057
REC016061001,L016061,2025-07-09,Settlement,46515,46515,0,0,SETTLE-016061
REC016064001,L016064,2025-09-09,Settlement,19688.83,19688.83,0,0,SETTLE-016064
REC016067001,L016067,2025-08-09,Settlement,117423.71,117423.71,0,0,SETTLE-016067
REC016077001,L016077,2026-01-10,Settlement,38753.12,38753.12,0,0,SETTLE-016077
REC016095001,L016095,2026-04-22,Legal Recovery,19879.84,19879.84,0,0,LEGAL-016095
REC016116001,L016116,2026-04-01,Collateral Liquidation,205541.11,205541.11,0,0,COLL016116
REC016126001,L016126,2025-08-15,Settlement,39444.06,39444.06,0,0,SETTLE-016126
REC016144001,L016144,2025-10-17,Settlement,610119.1,610119.1,0,0,SETTLE-016144
REC016148001,L016148,2025-09-17,Settlement,58896.52,58896.52,0,0,SETTLE-016148
REC016159001,L016159,2026-02-18,Settlement,23361.19,23361.19,0,0,SETTLE-016159
REC016162001,L016162,2026-01-08,Legal Recovery,20845.3,20845.3,0,0,LEGAL-016162
REC016171001,L016171,2025-07-20,Settlement,54857.48,54857.48,0,0,SETTLE-016171
REC016179001,L016179,2025-08-21,Settlement,446828.27,446828.27,0,0,SETTLE-016179
REC016181001,L016181,2026-02-21,Settlement,11504.19,11504.19,0,0,SETTLE-016181
REC016188001,L016188,2026-01-22,Settlement,137116.66,137116.66,0,0,SETTLE-016188
REC016223001,L016223,2025-10-26,Settlement,13157.35,13157.35,0,0,SETTLE-016223
REC016235001,L016235,2025-10-27,Settlement,20946.83,20946.83,0,0,SETTLE-016235
REC016239001,L016239,2026-01-28,Settlement,37458.59,37458.59,0,0,SETTLE-016239
REC016253001,L016253,2025-11-30,Settlement,51975.86,51975.86,0,0,SETTLE-016253
REC016284001,L016284,2025-11-02,Settlement,22123.36,22123.36,0,0,SETTLE-016284
REC016301001,L016301,2026-02-04,Settlement,343751.91,343751.91,0,0,SETTLE-016301
REC016349001,L016349,2025-10-11,Settlement,118357.6,118357.6,0,0,SETTLE-016349
REC016351001,L016351,2025-11-10,Settlement,35492.62,35492.62,0,0,SETTLE-016351
REC016364001,L016364,2026-02-12,Settlement,112413.42,112413.42,0,0,SETTLE-016364
REC016396001,L016396,2025-08-16,Settlement,20497.18,20497.18,0,0,SETTLE-016396
REC016404001,L016404,2025-08-17,Settlement,14837.61,14837.61,0,0,SETTLE-016404
REC016411001,L016411,2025-08-18,Settlement,18222.85,18222.85,0,0,SETTLE-016411
REC016431001,L016431,2025-10-21,Settlement,471191.72,471191.72,0,0,SETTLE-016431
REC016464001,L016464,2026-02-25,Settlement,77738.84,77738.84,0,0,SETTLE-016464
REC016467001,L016467,2026-01-25,Settlement,24363.21,24363.21,0,0,SETTLE-016467
REC016483001,L016483,2025-09-28,Settlement,51312.78,51312.78,0,0,SETTLE-016483
REC016486001,L016486,2026-01-28,Settlement,43487.33,43487.33,0,0,SETTLE-016486
REC016494001,L016494,2025-10-29,Settlement,78025.28,78025.28,0,0,SETTLE-016494
REC016516001,L016516,2025-10-02,Settlement,232202.19,232202.19,0,0,SETTLE-016516
REC016559001,L016559,2025-11-06,Settlement,63101.21,63101.21,0,0,SETTLE-016559
REC016573001,L016573,2026-02-08,Settlement,85888.37,85888.37,0,0,SETTLE-016573
REC016577001,L016577,2025-11-09,Settlement,16513.92,16513.92,0,0,SETTLE-016577
REC016587001,L016587,2025-09-10,Settlement,89089.39,89089.39,0,0,SETTLE-016587
REC016616001,L016616,2026-02-15,Legal Recovery,9293.66,9293.66,0,0,LEGAL-016616
REC016696001,L016696,2025-11-27,Legal Recovery,36442.08,36442.08,0,0,LEGAL-016696
REC016745001,L016745,2025-12-31,Settlement,112326.03,112326.03,0,0,SETTLE-016745
REC016758001,L016758,2026-01-02,Settlement,65311.08,65311.08,0,0,SETTLE-016758
REC016825001,L016825,2025-11-09,Settlement,105973.08,105973.08,0,0,SETTLE-016825
REC016859001,L016859,2025-10-15,Settlement,110921.2,110921.2,0,0,SETTLE-016859
REC016868001,L016868,2025-12-16,Settlement,168161.18,168161.18,0,0,SETTLE-016868
REC016934001,L016934,2025-10-23,Settlement,25246.91,25246.91,0,0,SETTLE-016934
REC016936001,L016936,2025-11-24,Settlement,48875.99,48875.99,0,0,SETTLE-016936
REC016948001,L016948,2025-12-25,Settlement,56007.32,56007.32,0,0,SETTLE-016948
REC016971001,L016971,2026-02-27,Settlement,194817.72,194817.72,0,0,SETTLE-016971
REC016982001,L016982,2026-01-29,Settlement,13517.51,13517.51,0,0,SETTLE-016982
REC017020001,L017020,2026-02-21,Collateral Liquidation,176856.86,176856.86,0,0,COLL017020
REC017020002,L017020,2026-03-16,Legal Recovery,19735.23,19735.23,0,0,LEGAL-017020
REC017072001,L017072,2025-12-22,Collateral Liquidation,91741.93,91000,741.93,0,COLL017072
REC017072002,L017072,2026-01-16,Legal Recovery,12184.35,12184.35,0,0,LEGAL-017072
REC017129001,L017129,2026-01-14,Settlement,71528.74,71528.74,0,0,SETTLE-017129
REC017132001,L017132,2025-11-14,Settlement,136022.4,136022.4,0,0,SETTLE-017132
REC017137001,L017137,2026-01-08,Legal Recovery,8241.29,8241.29,0,0,LEGAL-017137
REC017187001,L017187,2025-11-21,Settlement,96178.32,96178.32,0,0,SETTLE-017187
REC017193001,L017193,2026-02-21,Settlement,7583.99,7583.99,0,0,SETTLE-017193
REC017225001,L017225,2025-12-25,Settlement,215802.63,215802.63,0,0,SETTLE-017225
REC017238001,L017238,2025-12-26,Settlement,35078.35,35078.35,0,0,SETTLE-017238
REC017245001,L017245,2025-12-27,Settlement,102865.35,102865.35,0,0,SETTLE-017245
REC017306001,L017306,2026-01-01,Settlement,49049.44,49049.44,0,0,SETTLE-017306
REC017322001,L017322,2026-05-13,Legal Recovery,2183.52,2183.52,0,0,LEGAL-017322
REC017363001,L017363,2026-01-06,Settlement,125817.43,125817.43,0,0,SETTLE-017363
REC017386001,L017386,2026-02-08,Settlement,21357.04,21357.04,0,0,SETTLE-017386
REC017396001,L017396,2026-01-08,Settlement,107707.65,107707.65,0,0,SETTLE-017396
REC017409001,L017409,2026-03-13,Collateral Liquidation,35583.05,35583.05,0,0,COLL017409
REC017418001,L017418,2026-01-10,Settlement,54334.03,54334.03,0,0,SETTLE-017418
REC017439001,L017439,2025-12-13,Settlement,20953.13,20953.13,0,0,SETTLE-017439
REC017441001,L017441,2026-02-13,Settlement,397951.31,397951.31,0,0,SETTLE-017441
REC017453001,L017453,2025-12-14,Settlement,210842.82,210842.82,0,0,SETTLE-017453
REC017455001,L017455,2025-12-15,Settlement,169213.31,169213.31,0,0,SETTLE-017455
REC017463001,L017463,2026-02-14,Settlement,87831.35,87831.35,0,0,SETTLE-017463
REC017529001,L017529,2026-02-20,Settlement,61674.34,61674.34,0,0,SETTLE-017529
REC017568001,L017568,2026-02-23,Settlement,38399.69,38399.69,0,0,SETTLE-017568
REC017571001,L017571,2026-03-17,Collateral Liquidation,148681.01,148681.01,0,0,COLL017571
REC017571002,L017571,2026-03-17,Legal Recovery,39331.17,39331.17,0,0,LEGAL-017571
REC017641001,L017641,2026-01-29,Settlement,84540.1,84540.1,0,0,SETTLE-017641
REC017671001,L017671,2025-12-31,Settlement,112695.96,112695.96,0,0,SETTLE-017671
REC017861001,L017861,2026-02-18,Settlement,31480.75,31480.75,0,0,SETTLE-017861
REC017897001,L017897,2026-01-22,Settlement,48573.61,48573.61,0,0,SETTLE-017897
REC017906001,L017906,2026-04-04,Legal Recovery,6387.1,6387.1,0,0,LEGAL-017906
REC018003001,L018003,2026-02-02,Settlement,77452.21,77452.21,0,0,SETTLE-018003
REC018050001,L018050,2026-02-05,Settlement,105773.37,105773.37,0,0,SETTLE-018050
REC018119001,L018119,2026-02-12,Settlement,75784.31,75784.31,0,0,SETTLE-018119
